sample_id,catalog_content,image_link,price,price_bin,value,unit,item_name,predicted_price,abs_error,pct_error,smape_individual
272914,"Item Name: Topps Juicy Drop Pop, 18 count per pack -- 16 per case.
Product Description: Topps Juicy Drop Pop, 18 count per pack -- 16 per case. 0.92 Ounce, Laydown Box
Value: 16.0
Unit: Count
",https://m.media-amazon.com/images/I/71pIYhTtyoL.jpg,691.16,100+,16.0,Count,"Topps Juicy Drop Pop, 18 count per pack -- 16 per case.",30.297998637797534,660.8620013622025,95.61635531023244,183.20179486816758
227791,"Item Name: Alex's Low Acid Organic Coffee Ultimate 5lb Bag Variety Pack
Bullet Point 1: These certified USDA organic premium coffee beans are specially processed to contain low to no chlorogenic acid with full flavor and are free of mold & mycotoxins.
Bullet Point 2: Alex's Low Acid French Roast Coffee is a special blend of three highly sought-after beans (50% Chiapas, 25% Nicaragua, 25% Honduras) and is mild, delicate, and balanced. It is perfectly roasted to a medium-leaning dark, almost French, Roast. It is dark enough to have a full body and chocolatey personality, but there is no burnt or bitter taste. Instead, the flavors in these beans are still detectable, and that is a great thing!
Bullet Point 3: Alex's Low Acid Organic Decaf Coffee contains 100% pure Chiapas coffee beans. Grown in southern Mexico, near the border with Guatemala, Chiapas coffee beans have the same characteristics of Guatemalan beans that you would expect from the volcanic soil and high altitude they grow in. They are mild and delicate, with slightly sweet notes of brown sugar and pear. They also have a nutty overtone.
Bullet Point 4: Alex’s Low Acid Rise n’ Shine Coffee is a pleasant blend of Sumatran and Mexican Chiapas coffees that is sure to brighten your morning. Roasted Italian style, Rise n’ Shine offers a subtle caramel flavor with spicy notes of white pepper and vanilla bean resulting in a wonderfully balanced, smooth, and rich cup of coffee.
Bullet Point 5: Alex’s Low Acid Half Calf offers half the caffeine (about 50mg) of our regular coffees without sacrificing the richness and flavor coffee drinkers demand. When this rich, smooth, and earthy blend of coffee hits your taste buds, you’ll be greeted with hints of dark chocolate, plum, and manzanita honey. Perfect for a smooth-sipping, full-bodied coffee any time of the day.
Bullet Point 6: Alex’s Low Acid Coffee offers the best of all possibilities. You can count on your energizing and comforting coffee without struggling with discomfort.
Bullet Point 7: Limits heartburn and acid reflux and reduces chances of stomach irritation.
Bullet Point 8: Safer for tooth enamel.
Bullet Point 9: 4-6x higher in healthy antioxidants than other leading brands.
Value: 640.0
Unit: Ounce
",https://m.media-amazon.com/images/I/71Sh7ZJS6FL.jpg,679.92,100+,640.0,Ounce,Alex's Low Acid Organic Coffee Ultimate 5lb Bag Variety Pack,21.806096816530843,658.1139031834691,96.79284374389181,187.5700237369213
46413,"Item Name: Beverage/Topping Heated Condiment Dispenser from Benchmark #21011
Bullet Point 1: 5 Quart Capacity
Bullet Point 2: Clear Polycarbonate Bowl
Bullet Point 3: 1100 Watts
Bullet Point 4: Adjustable Thermostat
Bullet Point 5: Rotating Paddles
Product Description: Heated Beverage / Topping Condiment Dispenser from Benchmark #21011, great for beverages, toppings and sauces like hot chocolate, nacho cheese, drawn butter, au jus, broths, hot cider, teas, gravy, syrups, popcorn butter topping, cream sauces & more. This 5-quart capacity heated dispenser uses rotating paddles making it perfect for many beverages, toppings and sauces. It has an adjustable thermostat and 1100 watts of heating capacity. The easy-to-disassemble tap and the removable clear polycarbonate bowl are easily cleaned in a sink or dishwasher. The bowl can also be removed for refrigerated storage of unused product thereby eliminating product waste. The drip tray is removable for easy cleaning. Benchmark USA’s exclusive 3-year warranty ensures durability and reliability.
Value: 1.0
Unit: Count
",https://m.media-amazon.com/images/I/31KD8rW9uNL.jpg,613.58,100+,1.0,Count,Beverage/Topping Heated Condiment Dispenser from Benchmark #21011,30.297998637797534,583.2820013622025,95.06209481440115,181.17780156992686
196247,"Item Name: Gyokuro Imperial Japanese Green Tea (Loose) (8 oz, ZIN: 510037) - 3 Pack
Bullet Point 1: Gyokuro Imperial Japanese Green Tea (Loose) (8 oz, ZIN: 510037)
Bullet Point 2: No fillers.
Bullet Point 3: Manufacturer: TerraVita
Bullet Point 4: Size: 8 oz
Bullet Point 5: Loose Leaf Green Tea - Packed in a convenient upright pouch!
Product Description: Gyokuro Imperial Japanese Green Tea (Loose) (8 oz, ZIN: 510037)<BR><BR>Packaged in the United States in a GMP certified facility (Good Manufacturing Practice).<BR><BR>No fillers.<BR><BR>Manufacturer: TerraVita<BR><BR>Size: 8 oz<BR><BR>Loose Leaf Green Tea - Packed in a convenient upright pouch!<BR><BR>Ingredients: Green Tea
Value: 24.0
Unit: Ounce
",https://m.media-amazon.com/images/I/81Iedp6SbdL.jpg,573.83,100+,24.0,Ounce,"Gyokuro Imperial Japanese Green Tea (Loose) (8 oz, ZIN: 510037) - 3 Pack",21.806096816530843,552.0239031834692,96.19990296489712,185.35609447911105
247403,"Item Name: TSAR CAVIAR Imperial Osetra Caviar 4 oz (113G) - OVERNIGHT DELIVERY - Black Caviar Sturgeon - Light-Salted Osetra Caviar Eggs - Gourmet Food Gifts - Malossol Fish Roe
Bullet Point 1: ✅ Imperial Osetra Caviar is made with premium quality golden pearls that have a smooth buttery taste and fresh crisp aroma of the Sea.
Bullet Point 2: ✅ Experience the luxurious taste of Imperial Caviar, once reserved for kings.
Bullet Point 3: ✅ The freshness and deliciousness of Imperial Osetra Caviar will leave you craving for more.
Bullet Point 4: ✅ The Imperial Osetra Caviar is fully matured and is produced in a sustainable manner.
Bullet Point 5: ✅ Perfect for any fine dining experience, this caviar pairs well with different types of crackers, bread, and wine.
Product Description: Savor the taste of royalty with the Imperial Osetra Caviar. This premium quality caviar is made of golden pearls that boast a smooth buttery taste and a fresh crisp aroma of the Sea. Once reserved for kings, you can now enjoy the luxurious taste and freshness of this caviar, fully matured and produced in a sustainable manner. Whether you are hosting a lavish dinner party or just looking for a special way to indulge, Imperial Osetra Caviar is the perfect choice. It can be paired with different types of crackers, bread and wine to create a truly indulgent culinary experience.
Value: 4.0
Unit: Ounce
",https://m.media-amazon.com/images/I/6149nLA0IKL.jpg,570.0,100+,4.0,Ounce,TSAR CAVIAR Imperial Osetra Caviar 4 oz (113G) - OVERNIGHT DELIVERY - Black Caviar Sturgeon - Light-Salted Osetra Caviar Eggs - Gourmet Food Gifts - Malossol Fish Roe,21.806096816530843,548.1939031834692,96.174368979556,185.26132330583874
256003,"Item Name: Napa Valley Naturals Organic Extra Virgin Olive Oil, 35 Lb
Bullet Point 1: Third Party Certified Organic
Bullet Point 2: First Cold Pressing
Bullet Point 3: Acidity at Bottling 0.5% or Less
Bullet Point 4: Cold Pressed at Temperatures below 98.5 degrees
Bullet Point 5: Kosher
Value: 35.0
Unit: lb
",https://m.media-amazon.com/images/I/21UmY1Qf52L.jpg,546.94,100+,35.0,lb,"Napa Valley Naturals Organic Extra Virgin Olive Oil, 35 Lb",22.713392857142857,524.2266071428572,95.8471874689833,184.0510786791091
55763,"Item Name: 5 Hour Energy Extra Strength Watermelon Shots, 1.93 Fluid Ounce - 216 per case
Bullet Point: Extra Strength Watermelon Shots
Value: 416.88
Unit: Fl Oz
",https://m.media-amazon.com/images/I/51E8V7o0Y9L.jpg,536.41,100+,416.88,Fl Oz,"5 Hour Energy Extra Strength Watermelon Shots, 1.93 Fluid Ounce - 216 per case",21.29307887038704,515.1169211296129,96.03044707026584,184.72801770180965
152113,"Item Name: China Beauty Rings Tea (Loose) (8 oz, ZIN: 510605)
Bullet Point 1: China Beauty Rings Tea (Loose) (8 oz, ZIN: 510605)
Bullet Point 2: No fillers.
Bullet Point 3: Manufacturer: TerraVita
Bullet Point 4: Size: 8 oz
Bullet Point 5: Loose Leaf Herbal Tea - Packed in a convenient upright pouch!
Product Description: China Beauty Rings Tea (Loose) (8 oz, ZIN: 510605)<BR><BR>Packaged in the United States in a GMP certified facility (Good Manufacturing Practice).<BR><BR>No fillers.<BR><BR>Manufacturer: TerraVita<BR><BR>Size: 8 oz<BR><BR>Loose Leaf Herbal Tea - Packed in a convenient upright pouch!<BR><BR>Ingredients: Green Tea
Value: 8.0
Unit: Ounce
",https://m.media-amazon.com/images/I/71avwZEa9iL.jpg,526.32,100+,8.0,Ounce,"China Beauty Rings Tea (Loose) (8 oz, ZIN: 510605)",21.806096816530843,504.5139031834692,95.85687474986115,184.08680269508878
80628,"Item Name: Frontier Vanilla Extract ORGANIC 1 Gallon Jug (a)
Product Description: Frontier Vanilla Extract ORGANIC 1 gallon Jug
Value: 128.0
Unit: Fl Oz
",https://m.media-amazon.com/images/I/11xDm5NLcyL.jpg,487.015,100+,128.0,Fl Oz,Frontier Vanilla Extract ORGANIC 1 Gallon Jug (a),21.29307887038704,465.72192112961295,95.62783921021179,183.2439579416431
291427,"Item Name: Sour Patch Kids, 2-Ounce Bags (Pack of 48)
Bullet Point 1: Pack of forty eight, 2-ounce bag (total of 96 ounce)
Bullet Point 2: Soft and chewy candy
Bullet Point 3: Sour then sweet
Bullet Point 4: Product of USA
Value: 96.0
Unit: oz
",https://m.media-amazon.com/images/I/61GKFf-ebZL.jpg,444.85,100+,96.0,oz,"Sour Patch Kids, 2-Ounce Bags (Pack of 48)",14.657362565445027,430.19263743455497,96.70510001900752,187.2408028601653
255162,"Item Name: The Topps Company Juicy Drop Taffy with Sour Gel - 16 per pack -- 12 packs per case.
Product Description: The Topps Company Juicy Drop Taffy with Sour Gel - 16 per pack -- 12 packs per case.
Value: 192.0
Unit: Count
",https://m.media-amazon.com/images/I/81IV1X0ntmL.jpg,435.99,100+,192.0,Count,The Topps Company Juicy Drop Taffy with Sour Gel - 16 per pack -- 12 packs per case.,30.297998637797534,405.69200136220246,93.0507583573482,174.00919712597417
50716,"Item Name: Bloomingmore Flowers, 300 Farm Fresh Pink Ranunculus
Bullet Point 1: 10 stems per bunch with a total of 300 stems
Bullet Point 2: Stem size approximately 30-40 cm
Bullet Point 3: The box includes detailed care instructions.
Bullet Point 4: Note. Please allow for small discrepancies in the color hue due differences in monitor resolution and subtle climatic changes during growing season.
Product Description: Ranunculus are cup-shaped blooms, known for their paper-thin petals that gradually swirl outwards from a densely packed center. The ranunculus flower appears to symbolize charm and attractiveness across cultures and generations, these stunning flowers are perfect for garden-inspired arrangements or to share love and happiness with a special someone. Also, extremely popular in bridal bouquets and wedding arrangements, these flowers add a delicate touch to any occasion.
Value: 1.0
Unit: Count
",https://m.media-amazon.com/images/I/71wCd65pd7S.jpg,432.98,100+,1.0,Count,"Bloomingmore Flowers, 300 Farm Fresh Pink Ranunculus",30.297998637797534,402.68200136220247,93.00244846464096,173.84033023205552
50963,"Item Name: Scabiosa Candy, 360 Stems
Value: 1.0
Unit: Count
",https://m.media-amazon.com/images/I/71BFnx2fKeS.jpg,390.98,100+,1.0,Count,"Scabiosa Candy, 360 Stems",30.297998637797534,360.68200136220247,92.2507548627046,171.232299112922
50948,"Item Name: Scabiosa Cherry Vanilla, 360 Stems
Bullet Point 1: Stem Length (Approximation): 20 - 25 inches.
Bullet Point 2: Average Bloom Size: 1.5 to 2 inches in diameter
Bullet Point 3: Each stem features one focal bloom and may have additional shoots of smaller blooms
Bullet Point 4: Box includes detailed care instructions Cut and shipped directly from our farm upon order
Bullet Point 5: Note. Please allow for small discrepancies in the color hue due differences in monitor resolution and subtle climatic changes during growing season.
Value: 1.0
Unit: Count
",https://m.media-amazon.com/images/I/71efs9EYvUS.jpg,386.98,100+,1.0,Count,"Scabiosa Cherry Vanilla, 360 Stems",30.297998637797534,356.68200136220247,92.17065516621076,170.95653378639156
110134,"Item Name: Judee's Gluten Free Bulk 45lb Whole Milk Powder, 5lb x9 Pack - Non-GMO, Hormone, Gluten Free & Nut Free - Pantry Staple for Baking, Travel, and Reconstitution - Made in USA
Bullet Point 1: High Quality Milk Powder: Judee's Gluten Free Whole Milk Powder offers a versatile pantry staple ideal for baking, travel, and reconstitution into liquid whole milk. Our non-GMO powdered milk provides a rich, creamy texture for delicious dry milk recipes
Bullet Point 2: Convenient Bulk Packaging: This product includes a 45-pound bulk package divided into nine 5-pound packs, ensuring easy storage and long-term usability. The resealable bags maintain the freshness and quality of the milk powder for extended pantry shelf life
Bullet Point 3: Versatile Culinary Uses: Perfect for baking and enhancing recipes, our whole milk powder is a reliable ingredient for creating delicious dishes. Whether you're making gluten free baking recipes or using it as a dry milk powder substitute, it delivers consistent results
Bullet Point 4: Health Conscious Ingredients: Produced in a dedicated gluten-free facility, this powdered milk is non-GMO and free from gluten and nuts, catering to dietary needs. It's an excellent alternative for those seeking lactose free milk or skim milk powder substitutes
Bullet Point 5: Ideal For Diverse Recipes: Our product supports a wide range of culinary creations. Enjoy the flexibility of shelf milk that complements both sweet and savory recipes
Product Description: Judee's Gluten Free Whole Milk Powder is an exceptional choice for those seeking a versatile and high-quality powdered milk option. This product is crafted from premium whole milk and comes in a substantial 45-pound bulk package, divided into nine convenient 5-pound packs, ensuring ease of storage and long-term usability. Produced in a dedicated gluten-free facility in the USA, this milk powder aligns with the brand's commitment to providing natural and dietary-friendly ingredients. Ideal for home bakers and health-conscious individuals, Judee's Whole Milk Powder is perfect for a wide range of culinary applications. It can be used as an ingredient in baking, enhancing recipes with its rich, creamy texture. It is also suitable for creating delicious dry milk recipes or can be reconstituted into liquid milk for everyday use. Whether you are crafting low-carb bread, making protein shakes, or preparing milk tea, this powdered milk serves as a reliable pantry staple. The product is unsweetened, allowing you to customize your creations by adding your preferred flavorings, making it an excellent addition to your morning coffee or cream. Its versatility extends to recipes such as yogurt, chia pudding, and even savory dishes. The milk powder is packaged in resealable bags, offering a shelf-stable solution for emergency food supply and long-term storage. Judee's Gluten Free Whole Milk Powder is esteemed for its trustworthy quality, being non-GMO and gluten-free, thus catering to the needs of health-conscious consumers. For optimal results, it is recommended to store the product in a cool, dry place. To reconstitute, simply mix 1 cup of warm water with 1/4 to 1/3 cup of milk powder to achieve the desired consistency of whole milk. This product promises to be a valuable addition to your kitchen, providing a clean and flavorful alternative to traditional milk options.
Value: 720.0
Unit: Ounce
",https://m.media-amazon.com/images/I/61zv+dH5kdL.jpg,349.99,100+,720.0,Ounce,"Judee's Gluten Free Bulk 45lb Whole Milk Powder, 5lb x9 Pack - Non-GMO, Hormone, Gluten Free & Nut Free - Pantry Staple for Baking, Travel, and Reconstitution - Made in USA",21.806096816530843,328.18390318346917,93.76950860980861,176.53972486183312
62770,"Item Name: Warheads Assorted Double Drops Liquid Candy, 1.01 Fluid Ounce -- 192 per case
Value: 193.92
Unit: Fl Oz
",https://m.media-amazon.com/images/I/51ff4vorlOL.jpg,333.52,100+,193.92,Fl Oz,"Warheads Assorted Double Drops Liquid Candy, 1.01 Fluid Ounce -- 192 per case",21.29307887038704,312.22692112961295,93.61565157400244,175.9951589854833
160983,"Item Name: American Licorice Watermelon Sour Punch Straw Candy -- 288 per case.
Product Description: American Licorice Watermelon Sour Punch Straw Candy -- 288 per case. Satisfy Your Sour Craving Kosher
Value: 288.0
Unit: Count
",https://m.media-amazon.com/images/I/41ETIKgBbRL.jpg,336.63,100+,288.0,Count,American Licorice Watermelon Sour Punch Straw Candy -- 288 per case.,30.297998637797534,306.33200136220245,90.99961422398552,166.97117826900381
182222,"Item Name: East West Furniture HLDU3-MAH-W 3 Piece Dining Set Contains a Round Dining Room Table with Pedestal and 2 Kitchen Chairs, 42x42 Inch, Mahogany
Bullet Point 1: kitchen SET: The 3-piece dining room set consists of a kitchen dining table and 2 wooden chairs. Our contemporary kitchen table and sturdy wooden dining chairs provide comfort in both dining and kitchen areas. This kitchen set complements modern aesthetics and is an excellent choice for decorating your home beautifully. It allows you to enjoy meals with your family or friends during your leisure time.
Bullet Point 2: WOOD TABLE SET FINISH: The Mahogany finish adds a touch of modernity to our dining table set. The round table and wooden chairs exude a luxurious and retro feel. The chairs are designed with comfortable Mahogany Solid Wood seats, Mahogany Rubber Wood legs, and open panel backs. They are ergonomically crafted to conform to your body shape, allowing for proper air circulation and providing a soft and comfortable seating experience.
Bullet Point 3: SUPERIOR QUALITY MATERIAL: The dining table set is skillfully constructed using high-quality Asian wood, specifically Rubber Wood, renowned for its exceptional durability. This premium material ensures that the kitchen table and chairs set possess remarkable strength and can withstand regular, long-term use without compromising on quality.
Bullet Point 4: MID CENTURY CHAIR SEAT MATERIAL: The dinner chairs are made of Rubber Wood, ensuring robustness to support weights of up to 300 lbs. The Solid Wood seat requires minimal maintenance for everyday use. Additionally, the chairs include footrests for enhanced comfort. This elegant dining table and chairs set serves as a focal point for your home decor.
Bullet Point 5: ITEM DIMENSIONS: Proportions of the gorgeous Kitchen dining chair are: Length: 21; Width: 17; Height: 38. The Sizes of the wonderful breakfast table are: Length: 42; Width: 42; Height: 29.5.
Bullet Point 6: This Dining Table Set arrives in 3 boxes. One box for the table top, one for the pedestal and one box for the chairs.
Value: 1.0
Unit: Count
",https://m.media-amazon.com/images/I/91+18kbAOjL.jpg,333.27,100+,1.0,Count,"East West Furniture HLDU3-MAH-W 3 Piece Dining Set Contains a Round Dining Room Table with Pedestal and 2 Kitchen Chairs, 42x42 Inch, Mahogany",30.297998637797534,302.97200136220243,90.90887309454871,166.6659345692504
208503,"Item Name: Giffard Depuis 1885 Pineapple, Grapefruit, Ginger and Elderflower Alcohol-Free Liqueur 8 Pack - Made in France, 700ml Bottles, Perfect for Spritzers, Mixed Drinks
Bullet Point 1: Pineapple: GIFFARD Pineapple Alcohol Free is made from a maceration of fresh pineapples reinforced by a candied pineapple infusion in white wine vinegar. Mixture of candied, buttered and caramelized fruit notes.
Bullet Point 2: Elderflower: GIFFARD Elderflower Alcohol Free is made from a maceration of hand-picked elferflowers in white wine vinegar. Exotic lychee, floral rose and wormwood notes intermingle with a touch of acidity.
Bullet Point 3: Ginger: GIFFARD Ginger Alcohol Free is made from a maceration of ginger roots in white wine vinegar. Warm, lemony, pungent, bitter and earthy notes with a hint of lemongrass.
Bullet Point 4: Grapefruit: GIFFARD Grapefruit Alcohol Free is made from a maceration of grapefruit zest in white wine vinegar. A nice balance between bitterness, acidity and sugar. A mixture of citrus and fruity citrus and woody. Winy notes may appear at the end of the mouth and leave a slight astringency.
Bullet Point 5: Giffard unveils a new line inspired by their liqueur expertise, employing the shrub technique to macerate fruits and plants in wine vinegar.
Bullet Point 6: The result is a range of alcohol-free products with exceptional aromatic complexity and reduced sugar content, highlighting their intense flavors.
Bullet Point 7: With a dedication to sourcing the finest ingredients, Giffard emphasizes quality in their Alcohol-Free range, offering a sensory experience characterized by complexity and mouthfeel.
Bullet Point 8: Giffard's Alcohol-Free line presents an opportunity to recreate beloved cocktails like the Sex on the Beach and Mai Tai without the need for alcohol.
Bullet Point 9: By offering non-alcoholic alternatives, Giffard enables cocktail enthusiasts to savor the same flavor depth and complexity in their favorite drinks, minus the alcohol content.
Bullet Point 10: Includes (8) 700ml Bottles, Phone and tablet holder and tasting notes/recipes.
Value: 23.7
Unit: Fl Oz
",https://m.media-amazon.com/images/I/71mFmie5EkL.jpg,319.98,100+,23.7,Fl Oz,"Giffard Depuis 1885 Pineapple, Grapefruit, Ginger and Elderflower Alcohol-Free Liqueur 8 Pack - Made in France, 700ml Bottles, Perfect for Spritzers, Mixed Drinks",21.29307887038704,298.686921129613,93.34549694656322,175.04276757971408
155327,"Item Name: Clif Builder's Chocolate Peanut Butter Bars-1 160041
Value: 12.0
Unit: Count
",https://m.media-amazon.com/images/I/41SMsqbWXhL.jpg,328.6,100+,12.0,Count,Clif Builder's Chocolate Peanut Butter Bars-1 160041,30.297998637797534,298.3020013622025,90.77967174747488,166.2321899227145
240931,"Item Name: Fanale Premium Chocolate Bubble Tea Flavoring Powder | Perfect for Baking, Smoothies, Desserts and Drinks | Instant Flavoring Powder for Boba Milk Tea- 2.2 Pounds (Pack of 20).
Bullet Point 1: 𝐌𝐮𝐥𝐭𝐢-𝐩𝐮𝐫𝐩𝐨𝐬𝐞 𝐢𝐧𝐠𝐫𝐞𝐝𝐢𝐞𝐧𝐭: This Chocolate flavor powder can be used in a variety of recipes, including baked goods, smoothies, drinks, and more. It's a versatile ingredient that can be added to almost anything to give it a nutty flavor.
Bullet Point 2: 𝐌𝐚𝐝𝐞 𝐰𝐢𝐭𝐡 𝐡𝐢𝐠𝐡-𝐪𝐮𝐚𝐥𝐢𝐭𝐲 𝐢𝐧𝐠𝐫𝐞𝐝𝐢𝐞𝐧𝐭𝐬 𝐟𝐨𝐫 𝐚 𝐫𝐢𝐜𝐡, authentic taste: We only use the best ingredients to ensure that our Chocolate flavor powder has an authentic, rich taste that will elevate your recipes. You can trust that this product is made with care and attention to detail.
Bullet Point 3: 𝐅𝐫𝐞𝐬𝐡𝐧𝐞𝐬𝐬 & 𝐂𝐨𝐧𝐯𝐞𝐧𝐢𝐞𝐧𝐜𝐞 𝐢𝐧 𝐄𝐯𝐞𝐫𝐲 𝐔𝐬𝐞:The resealable bag that our Chocolate flavor powder comes in makes it easy to store and use. You can keep it in your pantry or kitchen cabinet and pull it out whenever you want to add some nutty flavor to your creations.
Bullet Point 4: 𝐄𝐚𝐬𝐲 𝐭𝐨 𝐮𝐬𝐞: Simply measure out the desired amount of Chocolate flavor powder and mix it into your recipe. No need to chop, grind, or blend Chocolate, as this powder provides all the nutty flavor you need in a convenient form.
Bullet Point 5: 𝐆𝐥𝐮𝐭𝐞𝐧-𝐟𝐫𝐞𝐞 𝐚𝐧𝐝 𝐯𝐞𝐠𝐚𝐧:Our Chocolate flavor powder is gluten-free and vegan, making it a great choice for those with dietary restrictions. It's a versatile ingredient that can be used in a wide range of recipes, including ones that are gluten-free or plant-based.
Product Description: Fanale drinks
Value: 35.2
Unit: Ounce
",https://m.media-amazon.com/images/I/71NpTYch7jL.jpg,320.0,100+,35.2,Ounce,"Fanale Premium Chocolate Bubble Tea Flavoring Powder | Perfect for Baking, Smoothies, Desserts and Drinks | Instant Flavoring Powder for Boba Milk Tea- 2.2 Pounds (Pack of 20).",21.806096816530843,298.19390318346916,93.1855947448341,174.48132491535333
180502,"Item Name: Think Thin Brownie Crunch Bar, 2.1 Ounce -- 120 per case.
Value: 120.0
Unit: Count
",https://m.media-amazon.com/images/I/51lGaTYBNfL.jpg,322.12,100+,120.0,Count,"Think Thin Brownie Crunch Bar, 2.1 Ounce -- 120 per case.",30.297998637797534,291.82200136220246,90.59418892406633,165.6112925504276
149071,"Item Name: Blooms2Door 100 Red Roses (Farm-Fresh, Long Stem - 50cm) - Farm Direct Wholesale Fresh Flowers
Value: 100.0
Unit: Count
",https://m.media-amazon.com/images/I/81C4XICOW-L.jpg,320.45,100+,100.0,Count,"Blooms2Door 100 Red Roses (Farm-Fresh, Long Stem - 50cm) - Farm Direct Wholesale Fresh Flowers",30.297998637797534,290.15200136220244,90.54517127857777,165.44755921006978
195177,"Item Name: Golden Monkey Tea (Loose) (8 oz, ZIN: 510228) - 2 Pack
Bullet Point 1: Golden Monkey Tea (Loose) (8 oz, ZIN: 510228)
Bullet Point 2: No fillers.
Bullet Point 3: Manufacturer: TerraVita
Bullet Point 4: Size: 8 oz
Bullet Point 5: Loose Leaf Herbal Tea - Packed in a convenient upright pouch!
Product Description: Golden Monkey Tea (Loose) (8 oz, ZIN: 510228)<BR><BR>Packaged in the United States in a GMP certified facility (Good Manufacturing Practice).<BR><BR>No fillers.<BR><BR>Manufacturer: TerraVita<BR><BR>Size: 8 oz<BR><BR>Loose Leaf Herbal Tea - Packed in a convenient upright pouch!<BR><BR>Ingredients: Black Tea
Value: 16.0
Unit: Ounce
",https://m.media-amazon.com/images/I/81o66j8aVeL.jpg,310.93,100+,16.0,Ounce,"Golden Monkey Tea (Loose) (8 oz, ZIN: 510228) - 2 Pack",21.806096816530843,289.12390318346917,92.9868147761455,173.78571543615286
281513,"Item Name: ShelterLogic 6' x 12' x 8' Shed-in-a-Box All Season Steel Metal Peak Roof Outdoor Storage Shed with Waterproof Cover and Heavy Duty Reusable Auger Anchors
Bullet Point 1: DURABLE FRAME: Made from an all-steel metal 6 x 12 x 8-foot frame that is 1-3/8 inches thick
Bullet Point 2: MADE TO LAST: Bonded with a premium powder-coated finish that prevents chipping, peeling, rust, and corrosion
Bullet Point 3: WATERPROOF COVERAGE: Grey cover is durable and made from an advanced triple-layer ripstop that is waterproof and UV-treated to resist fading
Bullet Point 4: RATCHET-TITE: Cover tensioning system ensures a drum tight cover that keeps it tight and neat looking
Bullet Point 5: EASY SLIDE CROSS RAIL SYSTEM: Locks down and squares up frames for initial and continuous frame to fabric fit
Value: nan
Unit: None
",https://m.media-amazon.com/images/I/71srcFgRQbL.jpg,323.86,100+,,None,ShelterLogic 6' x 12' x 8' Shed-in-a-Box All Season Steel Metal Peak Roof Outdoor Storage Shed with Waterproof Cover and Heavy Duty Reusable Auger Anchors,35.154408967391305,288.7055910326087,89.14518342265445,160.83231414749784
196182,"Item Name: Tangiers Lemon White Tea (Loose) (8 oz, ZIN: 518439) - 3 Pack
Bullet Point 1: Without question, Tangiers is one of the most exotic urban centers on earth. For centuries this Northern Moroccan city has been home to colorful characters from all walks of life. From pirates to traders, writers, painters and eccentric millionaires, the ancient city has seen it all. During the 1940s and 50s, Tangiers was considered an International Zone and as the cold war began to heat up, even served as a major meeting point for international spies and weapons dealers. It was during this ti
Bullet Point 2: No fillers.
Bullet Point 3: Manufacturer: TerraVita
Bullet Point 4: Size: 8 oz
Bullet Point 5: Loose Leaf White Tea - Packed in a convenient upright pouch!
Product Description: Without question, Tangiers is one of the most exotic urban centers on earth. For centuries this Northern Moroccan city has been home to colorful characters from all walks of life. From pirates to traders, writers, painters and eccentric millionaires, the ancient city has seen it all. During the 1940s and 50s, Tangiers was considered an International Zone and as the cold war began to heat up, even served as a major meeting point for international spies and weapons dealers. It was during this time that beatnik author William S. Burroughs set up shop to write his famous novel, Naked Lunch. In fact, the book's setting of Interzone is loosely based on the dynamic city. - So what draws people to Tangiers? One is its location at the western entrance to the Strait of Gibraltar where the Mediterranean meets the Atlantic. Another is its sultry climate. Yet another is its fantastic cuisine, which leans heavily on spice and fresh fruit, including l - Exquisite lemon notes combined with white tea that lends a lovely sweetness to the cup - Hot tea brewing method: Bring freshly drawn cold water to a rolling boil. Place 1 teaspoon of tea for each cup into the teapot. Pour the boiling water into the pot, cover and let steep for 2-4 minutes. Pour into your cup; add milk and natural sweetener to taste. - Iced tea brewing method: (to make 1 liter/quart): Place 5 teaspoons of tea into a teapot or heat resistant pitcher. Pour 1 1/4 cups of freshly boiled water over the tea itself. Steep for 5 minutes. Quarter fill a serving pitcher with cold water. Pour the tea into the serving pitcher straining the tea. Add ice and top-up with cold water. Garnish and sweeten to taste. - ZooScape is proud to be the exclusive distributor of TerraVita teas, herbs and supplements in the United States, Canada an
Value: 24.0
Unit: Ounce
",https://m.media-amazon.com/images/I/81SJ6eDHrZL.jpg,302.63,100+,24.0,Ounce,"Tangiers Lemon White Tea (Loose) (8 oz, ZIN: 518439) - 3 Pack",21.806096816530843,280.82390318346916,92.79446954481352,173.1150793262536
261131,"Item Name: Tian Ma Alcohol-FREE Liquid Extract, Tian Ma, Gastrodia (Gastrodia Elata) Tuber Glycerite Natural Herbal Supplement, Hawaii Pharm, USA 2x32 fl.oz
Bullet Point 1: Tian Ma NON-Alcohol liquid extract contains ONLY natural ingredients!
Bullet Point 2: High Quality Tian Ma NON-Alcohol liquid extract- we use classic conventional methods of extraction! We meticulously produce our extracts according to precise standards where each herb is extracted according to the distinct characteristic of each plant!
Bullet Point 3: Super concentrated Tian Ma NON-Alcohol extract: dried material / solvents ratio is 1:3!
Bullet Point 4: We strictly use Only Certified Organic or ethically sourced wild harvested raw material, vegetable palm glycerin and crystal clear artesian purified water! Really the BEST Tian Ma herbal glycerite on market!
Product Description: Tian Ma, Gastrodia (Gastrodia Elata) is mainly produced in provinces of Sichuan, Yunnan, and Guizhou in China. Gastrodia Elata is a parasitic perennial herb. The plant has long elliptical underground rhizome with a diameter of 3-5 centimeters but may grow up to 7 centimeters. The stem is erect, the orange yellow, tan, cylinder, and leafless. Blooming time is from June to July and fruiting time is from July to August.
Value: 64.0
Unit: Fl Oz
",https://m.media-amazon.com/images/I/718jTvxCt+L.jpg,299.95,100+,64.0,Fl Oz,"Tian Ma Alcohol-FREE Liquid Extract, Tian Ma, Gastrodia (Gastrodia Elata) Tuber Glycerite Natural Herbal Supplement, Hawaii Pharm, USA 2x32 fl.oz",21.29307887038704,278.65692112961295,92.90112389718719,173.48664575714864
240916,"Item Name: Fanale Premium Avocado Bubble Tea Flavoring Powder | Perfect for Baking, Smoothies, Desserts and Drinks | Instant Flavoring Powder for Boba Milk Tea - 2.2 Pounds (Pack of 20).
Bullet Point 1: 𝐌𝐮𝐥𝐭𝐢-𝐩𝐮𝐫𝐩𝐨𝐬𝐞 𝐢𝐧𝐠𝐫𝐞𝐝𝐢𝐞𝐧𝐭: This Avocado flavor powder can be used in a variety of recipes, including baked goods, smoothies, drinks, and more. It's a versatile ingredient that can be added to almost anything to give it a nutty flavor.
Bullet Point 2: 𝐌𝐚𝐝𝐞 𝐰𝐢𝐭𝐡 𝐡𝐢𝐠𝐡-𝐪𝐮𝐚𝐥𝐢𝐭𝐲 𝐢𝐧𝐠𝐫𝐞𝐝𝐢𝐞𝐧𝐭𝐬 for a rich, authentic taste: We only use the best ingredients to ensure that our Avocado flavor powder has an authentic, rich taste that will elevate your recipes. You can trust that this product is made with care and attention to detail
Bullet Point 3: 𝐅𝐫𝐞𝐬𝐡𝐧𝐞𝐬𝐬 & 𝐂𝐨𝐧𝐯𝐞𝐧𝐢𝐞𝐧𝐜𝐞 𝐢𝐧 𝐄𝐯𝐞𝐫𝐲 𝐔𝐬𝐞: The resealable bag that our Avocado flavor powder comes in makes it easy to store and use. You can keep it in your pantry or kitchen cabinet and pull it out whenever you want to add some nutty flavor to your creations.
Bullet Point 4: 𝐄𝐚𝐬𝐲 𝐭𝐨 𝐮𝐬𝐞: Simply measure out the desired amount of Avocado flavor powder and mix it into your recipe. No need to chop, grind, or blend Avocado, as this powder provides all the nutty flavor you need in a convenient form.
Bullet Point 5: 𝐆𝐥𝐮𝐭𝐞𝐧-𝐟𝐫𝐞𝐞 𝐚𝐧𝐝 𝐯𝐞𝐠𝐚𝐧:Our Avocado flavor powder is gluten-free and vegan, making it a great choice for those with dietary restrictions. It's a versatile ingredient that can be used in a wide range of recipes, including ones that are gluten-free or plant-based.
Product Description: Fanale drinks
Value: 35.2
Unit: Ounce
",https://m.media-amazon.com/images/I/71hOUGlf4xL.jpg,295.0,100+,35.2,Ounce,"Fanale Premium Avocado Bubble Tea Flavoring Powder | Perfect for Baking, Smoothies, Desserts and Drinks | Instant Flavoring Powder for Boba Milk Tea - 2.2 Pounds (Pack of 20).",21.806096816530843,273.19390318346916,92.60810277405734,172.46757933555904
236752,"Item Name: Mountain House Buffalo Style Chicken Mac & Cheese #10 Can | Freeze-Dried Survival & Emergency Food | Gluten Free Hunting, Survival, Camping, Backpacking Food 6 Cans Per Case with 30 Year Taste Guarantee
Bullet Point 1: DELICIOUS ENTREE – Our signature creamy Mac & Cheese combined with chicken and a spicy buffalo sauce. Freeze-dried to lock in nutrients and flavor. No refrigeration needed.
Bullet Point 2: NO ARTIFICIAL FLAVORS OR PRESERVATIVES - Mountain House Buffalo Style Chicken Mac & Cheese #10 Can contains no artificial flavors or preservatives. Enjoy this freeze-dried meal on family camping trips, RV expeditions, or use for emergency food and survival food storage. Can contains 8 servings – great for feeding a large group.
Bullet Point 3: QUICK PREP – Preparation is simple and requires no cooking. Just add hot water to the can and eat in less than 10 minutes! You can also scoop out individual servings to prepare. Power outage? No problem. Mountain House meals can be made with room temperature water, just double the hydration time.
Bullet Point 4: LONG TERM FOOD STORAGE -Since 1969, Mountain House has been the favorite food choice among adventure and emergency preparation specialists. This real world experience with our products allow us to prove with confidence that with proper care, your food investment will remain fresh for 30 years! Mountain House meals have the longest proven shelf life in the industry.
Product Description: Mountain House Buffalo Style Chicken Mac & Cheese #10 Can | Freeze-Dried Survival & Emergency Food | Gluten Free Backpacking and Camping Food 6 Cans Per Case
Value: 6.0
Unit: Count
",https://m.media-amazon.com/images/I/61yoDd39jRL.jpg,299.99,100+,6.0,Count,"Mountain House Buffalo Style Chicken Mac & Cheese #10 Can | Freeze-Dried Survival & Emergency Food | Gluten Free Hunting, Survival, Camping, Backpacking Food 6 Cans Per Case with 30 Year Taste Guarantee",30.297998637797534,269.69200136220246,89.90033046508299,163.30717584319723
81346,"Item Name: Nescaf Clasico Decaf Instant Coffee 7 Oz
Product Description: Grocery
Value: 7.0
Unit: Ounce
",https://m.media-amazon.com/images/I/21lE5fNSjeL.jpg,286.77,100+,7.0,Ounce,Nescaf Clasico Decaf Instant Coffee 7 Oz,21.806096816530843,264.96390318346914,92.39596303081534,171.73326509538938
286550,"Item Name: Tiffen 4x5.65"" 0.3 ND Filter
Bullet Point: Darkens Entire Image|Allows Reduced Shutter Speed|Allows Wider Aperture|ColorCore Technology|Water White Glass Filter
Product Description: The Tiffen 4 x 5.65"" ND Filter is a solid neutral density filter providing exposure reduction. This density creates a darkening of the entire image, allowing you to photograph with a wider aperture or slower shutter speed than normally required. By slowing your exposure time or increasing your aperture, you are able to control depth of field and convey movement more easily. Neutral density filters do not affect the coloration of the image and are ideal for pairing with other filters. This filter is constructed from Water White glass and is made using ColorCore technology, a process that involves laminating the filter substrate between 2 pieces of optical glass and grinding flat to a tolerance of 1/10,000th of an inch. This filter measures 4 x 5.65"" / 101.6 x 143.5mm. Darkens Entire Image Allows Reduced Shutter Speed Allows Wider Aperture ColorCore Technology Water White Glass Filter
Value: nan
Unit: None
",https://m.media-amazon.com/images/I/91ad-i3KWLL.jpg,299.0,100+,,None,"Tiffen 4x5.65"" 0.3 ND Filter",35.154408967391305,263.8455910326087,88.24267258615676,157.9183658524501
51090,"Item Name: Food to Live Organic Black Elderberry Powder, 16 Pounds Non-GMO, Made from Raw Dried Berries, Unsulfured, Vegan, Bulk, Great for Baking, Smoothies, Yogurts, No Sulphites, Contains Maltodextrin
Bullet Point 1: ✔️ ORGANIC, NON-GMO, KOSHER & VEGAN: This Black Elderberry Powder by Food to Live is Organic, Non-GMO, Raw, Kosher, and Vegan. Besides, it is free of cholesterol and trans-fat.
Bullet Point 2: ✔️ FINE TEXTURE, MADE FROM WHOLE BERRIES: Unlike JUICE Elderberry Powder, Food to Live’s Organic Black Elderberry Powder is made from entire berries retaining their rich nutritional profile.
Bullet Point 3: ✔️ HIGHLY NUTRITIOUS, RICH IN ANTIOXIDANTS: Black Elderberries are most valued for their rich content of potent antioxidants, particularly anthocyanins, flavanols, and phenolic acids. Moreover, they contain fair amounts of Vitamins C, A, B6, Calcium, and Iron.
Bullet Point 4: ✔️ SUPER VERSATILE & CONVENIENT: Organic Black Elderberry Powder is easy to use and incorporate into your diet: simply mix it with water; add to smoothies, shakes, and other beverages; sprinkle this powder over oatmeal, cereals, or make elderberry tea and syrup.
Bullet Point 5: ✔️ GREAT FOOD COLORING AGENT: Toss away your artificial food dyes! This Organic Elderberry Powder by Food to Live will color your foods into a gorgeous burgundy tint while also boosting their nutritional value.
Value: 256.0
Unit: Ounce
",https://m.media-amazon.com/images/I/811KAsdi-mS.jpg,277.19,100+,256.0,Ounce,"Food to Live Organic Black Elderberry Powder, 16 Pounds Non-GMO, Made from Raw Dried Berries, Unsulfured, Vegan, Bulk, Great for Baking, Smoothies, Yogurts, No Sulphites, Contains Maltodextrin",21.806096816530843,255.38390318346916,92.13315891030311,170.82758330465907
196444,"Item Name: Organic Tianmu Ming Dynasty Tea (Loose) (8 oz, ZIN: 510441) - 2 Pack
Bullet Point 1: Organic Tianmu Ming Dynasty Tea (Loose) (8 oz, ZIN: 510441)
Bullet Point 2: No fillers.
Bullet Point 3: Manufacturer: TerraVita
Bullet Point 4: Size: 8 oz
Bullet Point 5: Loose Leaf Herbal Tea - Packed in a convenient upright pouch!
Product Description: Organic Tianmu Ming Dynasty Tea (Loose) (8 oz, ZIN: 510441)<BR><BR>Packaged in the United States in a cGMP certified facility (current Good Manufacturing Practice).<BR><BR>No fillers.<BR><BR>Manufacturer: TerraVita<BR><BR>Size: 8 oz<BR><BR>Loose Leaf Herbal Tea - Packed in a convenient upright pouch!<BR><BR>Ingredients: Green Tea (Organic)
Value: 16.0
Unit: Ounce
",https://m.media-amazon.com/images/I/81jAOdGzfUL.jpg,276.31,100+,16.0,Ounce,"Organic Tianmu Ming Dynasty Tea (Loose) (8 oz, ZIN: 510441) - 2 Pack",21.806096816530843,254.50390318346916,92.10810436953753,170.74147011933954
195564,"Item Name: Jasmine Dragon Tears Tea (Loose) (4 oz, ZIN: 510598) - 2 Pack
Bullet Point 1: Jasmine Dragon Tears Tea (Loose) (4 oz, ZIN: 510598)
Bullet Point 2: No fillers.
Bullet Point 3: Manufacturer: TerraVita
Bullet Point 4: Size: 4 oz
Bullet Point 5: Loose Leaf Herbal Tea - Packed in a convenient upright pouch!
Product Description: Jasmine Dragon Tears Tea (Loose) (4 oz, ZIN: 510598)<BR><BR>Packaged in the United States in a GMP certified facility (Good Manufacturing Practice).<BR><BR>No fillers.<BR><BR>Manufacturer: TerraVita<BR><BR>Size: 4 oz<BR><BR>Loose Leaf Herbal Tea - Packed in a convenient upright pouch!<BR><BR>Ingredients: Green Tea, Jasmine
Value: 8.0
Unit: Ounce
",https://m.media-amazon.com/images/I/81A45L7lkRL.jpg,262.69,100+,8.0,Ounce,"Jasmine Dragon Tears Tea (Loose) (4 oz, ZIN: 510598) - 2 Pack",21.806096816530843,240.88390318346916,91.69892389640609,169.34074377745378
46415,"Item Name: GlobalRose 250 Fresh Cut Pink Roses - Long Stem Roses - Fresh Flowers Wholesale Delivery
Value: 250.0
Unit: Count
",https://m.media-amazon.com/images/I/71nUiNqXhEL.jpg,267.99,100+,250.0,Count,GlobalRose 250 Fresh Cut Pink Roses - Long Stem Roses - Fresh Flowers Wholesale Delivery,30.297998637797534,237.69200136220246,88.69435477525373,159.37081106023643
156803,"Item Name: Lawry's Seasoned Salt, 50 lb - One 50 Pound Bucket of All-Purpose Seasoning Salt, Perfect for Restaurants and Caterers, Made With Blend of Salt, Garlic, Turmeric, Celery, Paprika and Other Spices
Bullet Point 1: BRIGHT COLOR AND LIGHT AROMA: Lawry's Seasoned Salt delivers a fine texture, bright color and light aroma; savory seasoning ideal for enhancing a dish's flavors
Bullet Point 2: HIGH QUALITY BLEND: Features an expert blend of salt and natural spices and herbs, including garlic, turmeric, celery, paprika, salt and other ingredients, containing 35% less sodium than regular table salt
Bullet Point 3: MADE FOR CHEFS: Blended with chefs, this 50-pound bucket of seasoned salt is ideal for professional kitchens; pour into smaller containers for ease of use; pre-mixed seasoning delivers consistent results with every use for repeatable recipes
Bullet Point 4: VERSATILE: All-seasoning salt comes in a 50-pound container, perfect for larger batches and adding the ideal balance of classic, beloved flavor to a variety of meals; add to proteins, vegetables and other dishes
Bullet Point 5: FEEL GOOD INGREDIENTS: Made with no added MSG, artificial colors or flavors; kosher; seasoned salt is an easy way to add balanced flavors to your recipes and keep a lower sodium content than table salt
Value: 800.0
Unit: Ounce
",https://m.media-amazon.com/images/I/81+4UXbZuTS.jpg,258.895,100+,800.0,Ounce,"Lawry's Seasoned Salt, 50 lb - One 50 Pound Bucket of All-Purpose Seasoning Salt, Perfect for Restaurants and Caterers, Made With Blend of Salt, Garlic, Turmeric, Celery, Paprika and Other Spices",21.806096816530843,237.08890318346914,91.57724296856608,168.92623924332787
237087,"Item Name: Veggie Protein Plus™ - Organic Brown Rice & Non-GMO Yellow Pea Vegetable Protein Powder
Bullet Point 1: Plant-Powered Protein: Elevate your nutrition with Veggie Protein Plus - a blend of organic brown rice and non-GMO yellow pea protein. Packed with essential amino acids, it supports muscle growth and overall wellness.
Bullet Point 2: High Protein Bioavailability: Our formula boasts a remarkable 104 biological value, ensuring your body efficiently absorbs and utilizes every gram of protein for maximum benefits.
Bullet Point 3: California Prop 65 Compliant: Rest easy knowing our product meets California's stringent Prop 65 standards for metal limits. We prioritize your safety and well-being.
Bullet Point 4: Versatile Usage: Enjoy the flexibility of using Veggie Protein Plus in both hot and cold foods and beverages. Elevate your smoothies, recipes, and snacks with a protein boost that suits your preferences.
Bullet Point 5: Immune Support: This vegan-friendly protein blend contains natural immunoglobulins, promoting a robust immune system and efficient digestive function. It's your ideal choice for building and maintaining lean body mass while enhancing overall health.
Product Description: Veggie Protein Plus is a Natural Vegetarian Rice and Pea Protein from Organic Brown Rice & Natural Yellow Peas. It helps to maintain body weight and a healthy immune system. Biogenic Foods's vegan friendly Veggie Protein Plus is a bioactive, pure vegetable protein concentrate with naturally occurring immunoglobulins, which are more commonly referred to as antibodies. These immuno-globulins stimulate the activity levels of the immune system and are believed to promote healthy, efficient intestinal function. In turn, this also helps the body to utilize Veggie Protein Plus to help maintain and gain lean body mass from the branch chain amino acids of the pure rice and pea proteins. It is the ideal nutritional support for individuals who wish to add high quality protein to their diet to help promote optimal health and overall well being. BenefitsHelps the body control weight gain and produce lean body massProvides the body with highest biological value of protein- 104Use in hot or cold food and beveragesEasily dissolves with NO taste or odorNO bloating or laxative effectLow in fat and sodium100% non-dairy and lactose-freeNO chemical processing or harmful/unpleasant side effectsVeggie Protein Plus is a natural and organic vegetarian protein that provides the highest biological value (98% Bio availability) of any other source of protein, including eggs, milk, beef, fish, soy, potato and beans. Our product is GMO-Free (Contains NO Genetically Modified Organisms and/or Ingredients) we use only GRAS Rated Ingredients (Generally Recognized as Safe).*It is not recommended that this product be mixed with papaya or pineapple juices as the enzymes in these fruits may deactivate the protein. Nutritional InformationSuggested Use: Take 6 Tablespoons, 1 or more times daily, in 6 to 8 ounces of purified water or juice. Mixes easily in shaker cup.Veggie Protein Plus can be used in both hot and cold beverages. However, it is recommended to be mixed with water or other fruit juice. It
Value: 352.0
Unit: Ounce
",https://m.media-amazon.com/images/I/61YWsnNpp8L.jpg,249.99,100+,352.0,Ounce,Veggie Protein Plus™ - Organic Brown Rice & Non-GMO Yellow Pea Vegetable Protein Powder,21.806096816530843,228.18390318346917,91.27721236188215,167.90815310162384
156703,"Item Name: McCormick Monteal Steak Seasoning with No Paprika - 25 lb. pack, 1 per case
Product Description: McCormick Monteal Steak Seasoning with No Paprika - 25 lb. pack, 1 per case McCormick Montreal is a blend of salt and seasonings designed to enhance theflavor of grilled meats and vegetables.Montreal Steak Seasoning can be sprinkled on or pressed into meats beforegrilling or broiling.
Value: 1.0
Unit: Count
",https://m.media-amazon.com/images/I/41UkKhcMFnL.jpg,257.14,100+,1.0,Count,"McCormick Monteal Steak Seasoning with No Paprika - 25 lb. pack, 1 per case",30.297998637797534,226.84200136220244,88.21731405545712,157.83717005909682
121777,"Item Name: Magnificent Mixed Greens Bouquet | 15-Pack | Fresh Cut Greenery For Delivery By Bloomingmore | Home, Office, Birthday, Wedding Decor, DIY, Party Event, Housewarming, Teacher and Engagement
Bullet Point 1: 🍃 YOU WILL RECEIVE – Each pack includes 2 Leather Leaf, 2 Variegated Aspidistra, 4 Sword Fern, 2 Silver Dollar, 1 Baby Blue Eucalyptus, 4 Plumosus and 2 Green Pittosporum. Stem length is approximately 40 cm / 16 inches. Vase is not included. Please allow for small discrepancies in the color hue due differences in monitor resolution and subtle climatic changes during growing season.
Bullet Point 2: 🍃 FARM FRESH (NOT ARTIFICIAL) - Each stem is cut and shipped directly to you or your loved one from our fields. Suggested Delivery Date is 2 to 3 days before your event. Available Year-Round. Average vase life with proper care and handling is approximately 10 to 12 days.
Bullet Point 3: 🍃 IDEAL USES - Liven up your bouquets, centerpieces and floral arrangements with bouquets full of lush greenery. This Magnificent Mixed Greens Bouquet is perfect. Just add your favorite flowers to create an awe-inspiring arrangement or bouquet.
Bullet Point 4: 🍃 CARE INSTRUCTIONS - Remove greenery from box by cutting any straps located on the outside and inside of the box. Fill clean containers with at least 5 - 6 inches of fresh, cool water. Cut stems diagonally approximately one inch under running water. Immediately after cutting, place stems in the prepared containers. Keep greenery away from direct sunlight, drafts or excessive heat/cold. Change water and re-cut stems every 3 days.
Bullet Point 5: 🍃 CANCELLATION AND REFUNDS - Cancellations must be confirmed at least 1 business day before delivery date. Refunds will not be given for cancellations after this timeframe or if product has already shipped. We do not accept returns on floral products as they are perishable. Refunds will not be given resulting from negligence, weather, holiday schedule, incorrect delivery date chosen, or incorrect address.
Product Description: Liven up your bouquets, centerpieces and floral arrangements with bouquets full of lush greenery. This Magnificent Mixed Greens Bouquet is perfect. Just add your favorite flowers to create an awe-inspiring arrangement or bouquet. <br> <br> <b>Bouquet includes:</b> <br> <br> 🍃 2 Leather Leaf <br> 🍃 2 Variegated Aspidistra <br> 🍃 4 Sword Fern <br> 🍃 2 Silver Dollar <br> 🍃 1 Baby Blue Eucalyptus <br> 🍃 4 Plumosus <br> 🍃 2 Green Pittosporum <br> <br> ✅ Stem Length Approximately 40 cm / 16 inches <br> ✅ Cut and shipped directly from our farm upon order Shipped from the USA <br> ✅ Suggested Delivery Date is 2 to 3 days before your event. Available Year-Round <br> ✅ Average vase life with proper care and handling, Approximately 10 to 12 days. <br> ✅ Note: Please allow for small discrepancies in the color hue due to differences in monitor resolution and subtle climatic changes during the growing season.
Value: 1.0
Unit: Count
",https://m.media-amazon.com/images/I/71kLdcoW8ES.jpg,248.98,100+,1.0,Count,"Magnificent Mixed Greens Bouquet | 15-Pack | Fresh Cut Greenery For Delivery By Bloomingmore | Home, Office, Birthday, Wedding Decor, DIY, Party Event, Housewarming, Teacher and Engagement",30.297998637797534,218.68200136220247,87.83115164358682,156.60524812469495
174153,"Item Name: Food to Live - Organic Brazil Nuts, 18 Pounds Non-GMO, Raw, Whole, No Shell, Unsalted, Kosher, Vegan, Keto, Paleo Friendly, Bulk, Trail Mix Snack, Good Source of Selenium.
Bullet Point 1: ✔️Completely natural, Organic, premium quality Brazil nuts. Non-GMO
Bullet Point 2: ✔️Brazil nuts are packed with nutrients and make an excellent snack both raw and roasted
Bullet Point 3: ✔️You can add these nuts to a variety of dishes or roast and spice them to your taste
Bullet Point 4: ✔️Brazil nuts are a rich source of selenium and generally great for you
Bullet Point 5: ✔️The Food to Live resealable bag will keep the nuts fresh for months
Value: 288.0
Unit: Ounce
",https://m.media-amazon.com/images/I/81MscIf+yEL.jpg,238.61,100+,288.0,Ounce,"Food to Live - Organic Brazil Nuts, 18 Pounds Non-GMO, Raw, Whole, No Shell, Unsalted, Kosher, Vegan, Keto, Paleo Friendly, Bulk, Trail Mix Snack, Good Source of Selenium.",21.806096816530843,216.80390318346917,90.86119742821724,166.5057619968957
244823,"Item Name: TSAR CAVIAR Siberian Sturgeon Caviar 3.5 oz (100G) - OVERNIGHT DELIVERY - Black Caviar Sturgeon - Light-Salted Osetra Caviar Eggs - Gourmet Food Gifts - Malossol Fish Roe
Bullet Point 1: ✅ Siberian sturgeon caviar is an elite black caviar, obtained from sturgeon fish, with a delicate structure that melts in your mouth.
Bullet Point 2: ✅ This caviar comes in medium-sized pearls that are perfect for those who want a luxurious and elegant experience.
Bullet Point 3: ✅ The caviar has a dark gray shiny color that is visually pleasing and will attract a lot of looks.
Bullet Point 4: ✅ The taste of Siberian sturgeon caviar is unparalleled and will leave you wanting more.
Bullet Point 5: ✅ Many connoisseurs of elite types of caviar recognize this delicacy as a special game with an appetizing taste and aroma.
Product Description: Siberian sturgeon caviar is an experience of luxury and delicacy that is not to be missed. This elite black caviar is obtained from sturgeon fish and comes in medium-sized pearls that melt in your mouth, leaving an unsurpassable taste and aroma that will keep you wanting more. Its dark gray shiny color is visually pleasing and perfect for attracting attention. Many connoisseurs of elite types of caviar recognize it as a special game with an appetizing taste and aroma, making it a must-have for any fine dining experience. So, indulge in the taste of luxury with the Siberian Sturgeon Caviar.
Value: 3.5
Unit: Ounce
",https://m.media-amazon.com/images/I/6149nLA0IKL.jpg,236.25,100+,3.5,Ounce,TSAR CAVIAR Siberian Sturgeon Caviar 3.5 oz (100G) - OVERNIGHT DELIVERY - Black Caviar Sturgeon - Light-Salted Osetra Caviar Eggs - Gourmet Food Gifts - Malossol Fish Roe,21.806096816530843,214.44390318346916,90.76990610940494,166.1994471968872
51152,"Item Name: Spanish Serrano Ham Bone in from Spain 15-17 lb with Ham Holder & Knife - Jamon Serrano - Jamón Serrano Español - Serrano Ham from Spain - Spanish Ham - Cured Ham (NO Nitrates or Nitrites)
Bullet Point 1: 100% NATURAL INGREDIENTS: Crafted from pork shoulder ham and seasoned with Mediterranean sea salt, it is minimally processed with no artificial additives. It contains no nitrates or nitrites. GMO and Gluten free. USDA approved as a bone in ham.
Bullet Point 2: PREMIUM CURING PROCESS: Our serrano ham leg is made from top-quality serranos that are marbled with fat and cured with Mediterranean salt in the crisp air of the Spanish mountains, giving it a distinctive and unmatched flavor.
Bullet Point 3: SELECTED FOR QUALITY: The finest cuts of Spanish ham serrano are carefully chosen, ensuring a 100% natural product with an aromatic and flavorful result after the curing process, making it a perfect choice for discerning palates.
Bullet Point 4: VIBRANT COLOR AND AROMA: This serrano ham leg displays an attractive pink-to-red hue, complemented by its shiny fat. Its delicate yet slightly salty taste and fragrant aroma make it ideal as a Christmas ham centerpiece.
Bullet Point 5: COST-EFFECTIVE AND WELL-BALANCED: A more economical option compared to jamon iberico de bellota, this Serrano ham provides a similarly rich flavor but with less fat. Although Iberico ham from Spain is known for its fat content, Serrano ham offers a perfect balance.
Bullet Point 6: A SPANISH TWIST ON PROSCIUTTO: While italian ham and prosciutto leg are cherished for their tender texture, our serrano ham brings a firmer bite and a more robust, authentic Spanish flavor, reflecting traditional curing techniques.
Bullet Point 7: EASY TO STORE AND DURABLE: Keep this bone in ham in a cool, dry place away from direct sunlight to maintain its freshness. Whole and skin-on, it adheres to US law with the hoof removed, ensuring convenience and long-lasting quality.
Product Description: Experience the true essence of Spanish cuisine with our Spanish Serrano Ham, expertly cured for an authentic and rich flavor. Made from pork shoulder and seasoned exclusively with Mediterranean sea salt, this jamón serrano is a 100% natural product, free from additives, nitrates, or nitrites, and USDA-approved. What sets our Serrano Ham apart is its traditional curing process, perfected in the fresh, cool air of the Spanish mountains. This unique method enhances its flavor, creating a distinct and robust taste. Crafted from premium serranos with marbled fat, it delivers a firm texture and a beautifully balanced flavor. The serrano ham leg also boasts a fragrant aroma and a striking color from pink to deep red, making it ideal for celebrations, including as a classic Christmas ham. If you're looking for a more affordable yet flavorful option, this Serrano Ham serves as an exceptional alternative to jamon iberico de bellota. While Iberico ham is cherished for its rich fat content and intense flavor, our Spanish ham provides a more balanced taste with less fat, making it a healthier yet delicious choice. Compared to products like prosciutto leg or Italian ham, Serrano Ham stands out with its firmer bite and bold, authentic Spanish flavor, honoring the centuries-old Spanish curing tradition. Each purchase includes a ham stand and knife, allowing for easy slicing and serving at any event or gathering. To ensure longevity, store this bone-in ham in a cool, dry area away from direct sunlight. The ham comes whole, with the skin intact, and adheres to U.S. regulations with the hoof removed for your convenience.
Value: 272.0
Unit: Ounce
",https://m.media-amazon.com/images/I/71ytMPQpAmL.jpg,234.99,100+,272.0,Ounce,Spanish Serrano Ham Bone in from Spain 15-17 lb with Ham Holder & Knife - Jamon Serrano - Jamón Serrano Español - Serrano Ham from Spain - Spanish Ham - Cured Ham (NO Nitrates or Nitrites),21.806096816530843,213.18390318346917,90.72041498934813,166.0336008422896
100681,"Item Name: Spice Jungle Korintje Cinnamon, Ground - 25 lb. Bulk
Bullet Point 1: Ground Korintje Cinnamon has a warm, spicy and sweet flavor profile. Ground into a fine powder for convenience, this classic spice is a kitchen staple
Bullet Point 2: Commonly found in sweets such as cookies, cakes, puddings, or stewed fruits, this spice is also a key ingredient in Chinese Five Spice Powder and the Indian Spice, Garam Masala
Bullet Point 3: All Natural, Gluten-Free, Kosher Parve, Non-GMO
Bullet Point 4: SpiceJungle Brand - 100% Satisfaction Guaranteed
Product Description: <p>Debonair and polite, this sweet cinnamon watches Masterpiece Theatre and bakes apple pies for the neighbors.</p>
Value: 400.0
Unit: Ounce
",https://m.media-amazon.com/images/I/61iOvs+kadL.jpg,234.85,100+,400.0,Ounce,"Spice Jungle Korintje Cinnamon, Ground - 25 lb. Bulk",21.806096816530843,213.04390318346915,90.71488319500497,166.0150729524749
266544,"Item Name: Peanut Butter Curl Sauce, 5 Gallon, 45 Pound -- 1 each.
Value: 1.0
Unit: Count
",https://m.media-amazon.com/images/I/51X11xukaLL.jpg,242.89,100+,1.0,Count,"Peanut Butter Curl Sauce, 5 Gallon, 45 Pound -- 1 each.",30.297998637797534,212.59200136220244,87.52604115533882,155.63787752189256
101333,"Item Name: Layla Painted Roses 50 cm - 125 Stems
Bullet Point 1: Cut and shipped directly from our farm upon order
Bullet Point 2: Stem Length (Approximation): 50 cm / 20 in Approx. bloom size: 5 cm / 2 in
Bullet Point 3: Available All year round Shipped from Ecuador
Bullet Point 4: Suggested Delivery Date is 2 to 3 days before your event
Bullet Point 5: Average vase life with proper care and handling, approximately 7 days
Value: 1.0
Unit: Count
",https://m.media-amazon.com/images/I/610+SYwyRHL.jpg,239.38,100+,1.0,Count,Layla Painted Roses 50 cm - 125 Stems,30.297998637797534,209.08200136220245,87.34313700484687,155.06048132834067
229101,"Item Name: Rani Cardamom (Elachi) Decorticated Seeds Indian Spice 176oz (11lbs) 5kg Bulk Box ~ All Natural | Vegan | Gluten Friendly | NON-GMO | Indian Origin
Bullet Point 1: You'll LOVE our Cardamom Decorticated Seeds (Elachi) by Rani Brand--Here's Why:
Bullet Point 2: ❤️100% Natural, Non-GMO, No Preservatives, Vegan, Gluten Friendly, PREMIUM Gourmet Food Grade Spice.
Bullet Point 3: ❤️Real Product of India (Not Guatemala like many others), gives it an Authentic Flavor
Bullet Point 4: ❤️Decorticated, means its the seeds that are found in Green Cardamom Pods
Bullet Point 5: ❤️Net Wt. 176oz (11lbs) 5kg, Authentic Indian Product, Alternate Names: ⭐Elachi, ⭐Hari Elachi (Hindi)
Product Description: <p><b>Cardamom</b> is native to the forest of South India, where it grows wild. Second only to the spice saffron in value, cardamom is one of the worlds most expensive spice. Cardamom can enhance both sweet and savory dishes. It has been important in Indian cuisine for thousands of years, being a useful ingredient in sumptuous curries to adding a camphoric flavor to Indian masala chai. </p> <br> Product Type: Cardamom Seeds, 100% recleaned <br><br> Product of India (Not Guatemala like many other brands) <br> <br> <br> Alternative Name (Indian) Hari Elachi <br> <br>Packaging: Carton Box<br><p>Ingredients: Cardamom Seeds from Green Cardamom Pods</p>
Value: 176.0
Unit: Ounce
",https://m.media-amazon.com/images/I/81ENYlX+ueL.jpg,229.99,100+,176.0,Ounce,Rani Cardamom (Elachi) Decorticated Seeds Indian Spice 176oz (11lbs) 5kg Bulk Box ~ All Natural | Vegan | Gluten Friendly | NON-GMO | Indian Origin,21.806096816530843,208.18390318346917,90.51867610916526,165.35911860076263
113194,"Item Name: Organic 1 Gallon Amber Rich Vermont Maple Syrup - Grade A - From Barred Woods Maple
Product Description: From the Western slopes of the Green Mountains in Northern Vermont comes the finest maple syrup that nature provides. We handcraft every ounce to ensure you get the purest, best tasting maple syrup available. Grade A Amber Rich Vermont Maple Syrup. Perfect with your pancakes, oatmeal, yogurt, cocktails and much more. Best Tasting 100% Pure Vermont Maple Syrup produced in small batches with utmost attention to quality and purity. Nothing added, all natural We manage our sugar maple forest for sustainability and conservation. Many of our trees are over 100 years old and we want to ensure they'll be around for another 100! Packaged with tamper proof caps. Thank You for your purchase. Make Wise Choices, Buy Barred Woods Maple Products !
Value: 128.0
Unit: Fl Oz
",https://m.media-amazon.com/images/I/61eVu9Cp-GL.jpg,225.95,100+,128.0,Fl Oz,Organic 1 Gallon Amber Rich Vermont Maple Syrup - Grade A - From Barred Woods Maple,21.29307887038704,204.65692112961295,90.57619877389376,165.55118312282534
246197,"Item Name: Giesen Non-Alcoholic Premium Pinot Grigio - Premium Dealcoholized White Wine Pinot Gris from New Zealand | 12 PACK
Bullet Point 1: State-of-the-Art Craftsmanship: Giesen 0% Dealcoholized Pinot Gris is meticulously crafted using precision and cutting-edge technology, ensuring a premium-quality deal-coholized wine with the familiar freshness and crispness loved globally.
Bullet Point 2: Delicate Floral Aromas: Immerse yourself in the delightful world of delicate floral notes, including white flowers, lychee, and red apple that greet your senses on the nose, setting the stage for an exquisite and aromatic experience.
Bullet Point 3: Traditional Pinot Grigio Elements: The palate reveals traditional Pinot Grigio elements, showcasing flavors of apple and pear with a subtle enhancement of muscat grape. The result is a light, delicious, and perfectly balanced dealcoholized Pinot Gris.
Bullet Point 4: Harmonious Interplay: Experience a harmonious interplay between acidity and sweet-ness, providing a well-rounded and satisfying taste profile that mirrors the renowned characteristics of New Zealand Pinot Grigio.
Bullet Point 5: Award-Winning Excellence: Giesen 0% has garnered international acclaim, receiving prestigious accolades from ceremonies such as the Global Low & No Alcohol Wine Masters, Mundus Vini Non-Alcoholic Wine Competition, and the World Alcohol Free Awards, a testament to our dedication to crafting exceptional dealcoholized wines. In-dulge in the world-renowned flavors of New Zealand Pinot Grigio without compromise.
Bullet Point 6: Includes (12) 750ml Bottles of Pinot Grigio, Tasting Notes and Pt Holder
Value: 25.0
Unit: Fl Oz
",https://m.media-amazon.com/images/I/71bNAxDpt9L.jpg,222.99,100+,25.0,Fl Oz,Giesen Non-Alcoholic Premium Pinot Grigio - Premium Dealcoholized White Wine Pinot Gris from New Zealand | 12 PACK,21.29307887038704,201.69692112961297,90.45110593731242,165.13376371568523
101479,"Item Name: Gray Fairy Painted Roses 50 cm - 125 Stems
Product Description: Create stunning arrangements and bouquets with the vibrant color of our Premium Painted Roses. Available in a wide variety of hues, they are perfect to add elegance and class to any occasion. Bloomingmore farm-direct roses are sustainably grown in Ecuador and are the freshest flowers that last twice as long as market-bought-flowers.
Value: nan
Unit: None
",https://m.media-amazon.com/images/I/61r0PFc9lqL.jpg,231.98,100+,,None,Gray Fairy Painted Roses 50 cm - 125 Stems,35.154408967391305,196.82559103260868,84.84593112880795,147.36071762034587
157556,"Item Name: King and Prince Clean Tail Breaded Butterfly Shrimp - 12/15, 3 Pound - 4 per case.
Value: nan
Unit: None
",https://m.media-amazon.com/images/I/51GIoKUZYuL.jpg,226.725,100+,,None,"King and Prince Clean Tail Breaded Butterfly Shrimp - 12/15, 3 Pound - 4 per case.",35.154408967391305,191.5705910326087,84.49469226270094,146.30443209566175
