sample_id,catalog_content,image_link,price
7290,"Item Name: Pillsbury Gluten Free Chocolate Fudge Brownie Mix with Chocolate Chips, 15.5-Ounce (Pack of 12)
Bullet Point 1: Contains 12 - 15.5-ounce boxes of Pillsbury Gluten Free Chocolate Fudge Brownie Mix with Chocolate Chips
Bullet Point 2: Rich gluten free chocolate fudge taste to excite your sweet tooth
Bullet Point 3: 3 ingredients & 3 easy steps
Bullet Point 4: Makes one 9x13 pan of brownies
Bullet Point 5: Certified Gluten-free
Value: 186.0
Unit: Ounce
",https://m.media-amazon.com/images/I/81Cl-KFvScL.jpg,4.96
72735,"Item Name: The Swiss Colony 108 Piece Vanilla Celebration Cakes - Gourmet Bite-Size Mini Layer Cake Dessert Treats
Bullet Point 1: 108 GOURMET PETIT FOUR CAKES: Includes 108 two-bite-size layer cakes with luscious layers of white cake and vanilla cream filling, 5 lbs. 1 oz. net wt
Bullet Point 2: RICHLY COATED IN WHITE CONFECTION: Each cake is richly coated in a smooth white confection, offering a delightful taste and elegant appearance.
Bullet Point 3: VANILLA LAYER CAKES: A slightly upsized version of the classic Petits Fours The Swiss Colony has been making since 1961.
Bullet Point 4: PERFECT FOR ANY CELEBRATION: Ideal for birthdays, anniversaries, weddings, and festive gatherings, adding a touch of elegance to any event.
Bullet Point 5: HIGH-QUALITY INGREDIENTS: Made with the finest ingredients to ensure a premium and satisfying taste experience.
Bullet Point 6: IDEAL FOR ANYONE CELEBRATING SPECIAL MOMENTS: Perfect for those who appreciate gourmet desserts and want to make their celebrations extra special.
Product Description: Introducing The Swiss Colony Vanilla Celebration Cakes—a delightful array of gourmet petit four cakes designed to elevate any special occasion. With a net weight of 5 lbs. 1 oz., this impressive collection includes 108 mini layer cakes, making it perfect for large gatherings, parties, and celebrations.<br><br> Each mini layer cake features luscious layers of white cake and vanilla cream filling, all richly coated in a smooth white confection. These two-bite-size cakes are a slightly upsized version of the classic Petits Fours that The Swiss Colony has been making since 1961, offering a perfect balance of flavor and texture in every bite.<br><br> These Vanilla Celebration Cakes are perfect for any occasion, whether you're hosting a birthday party, an anniversary celebration, a wedding, or any other festive event. The beautiful presentation and exquisite taste of these petit four cakes make them a standout dessert that will impress your guests and elevate your celebration.<br><br> The compact size of these cakes makes them ideal for serving at parties, creating dessert buffets, or enjoying as a special treat. Their elegant appearance and delightful flavors make them suitable for both casual and formal gatherings, ensuring that they are a hit with everyone.<br><br> Each cake is made with the finest ingredients to ensure a premium and satisfying taste experience. The attention to detail and commitment to quality that The Swiss Colony is known for shines through in every bite of these delectable cakes. Whether you're celebrating a special occasion or simply treating yourself, this assortment of gourmet petit four cakes is the perfect choice.<br><br> Celebrate life's special moments with the exquisite taste of The Swiss Colony Vanilla Celebration Cakes. Order your assortment today and indulge in the delightful flavor and charming presentation of these gourmet petit four cakes. Perfect for any celebration, these mini layer cakes are sure to bring joy and elegance to your gatherings.
Value: 81.0
Unit: Ounce
",https://m.media-amazon.com/images/I/51Gw+9XMBmL.jpg,99.99
4148,"Item Name: Blueberry Pinot Decaf Black Tea (50 tea bags, ZIN: 543733) - 3 Pack
Bullet Point 1: Our Blueberry Pinot Decaf Black Tea is a wonderful flavored decaffeinated Black tea with Blueberries, Raisins (Golden) and Raspberries (Red). You will enjoy the simple and elegant Blueberry Pinot taste! - Ingredients: Decaf Black tea, Blueberries, Raisins (Golden), Raspberries (Red) and Natural Blueberry Pinot Flavor.
Bullet Point 2: No fillers.
Bullet Point 3: Manufacturer: TerraVita
Bullet Point 4: Size: 50 tea bags
Bullet Point 5: Black Tea Bags - Packed in a convenient upright pouch!
Product Description: Our Blueberry Pinot Decaf Black Tea is a wonderful flavored decaffeinated Black tea with Blueberries, Raisins (Golden) and Raspberries (Red). You will enjoy the simple and elegant Blueberry Pinot taste! - Ingredients: Decaf Black tea, Blueberries, Raisins (Golden), Raspberries (Red) and Natural Blueberry Pinot Flavor. - Hot tea brewing method: Bring freshly drawn cold water to a rolling boil. Place 1 teabag for each desired cup into the teapot. Pour the boiling water into the pot, cover and let steep for 2-4 minutes. Pour into your cup; add milk and natural sweeteners to taste. - Iced tea brewing method: (to make 1 liter/quart): Place 5 teabags into a teapot or heat resistant pitcher. Pour 1 1/4 cups of freshly boiled water over the teabags. Steep for 5 minutes. Quarter fill a serving pitcher with cold water. Pour the tea into the serving pitcher. Add ice and top-up with cold water. Garnish and sweeten to taste. - TerraVita is an exclusive line of premium-quality, natural source products that use only the finest, purest and most potent ingredients found around the world. TerraVita is hallmarked by the highest possible standards of purity, potency, stability and freshness. All of our products are prepared with the highest elements of quality control, from raw materials through the entire manufacturing process, up to and including the moment that the bottles or bags are sealed for freshness and shipped out to you. Our highest possible standards are certified by independent laboratories and backed by our personal guarantee. - TerraVita exists to meet and ensure your family's health and wellness without the harmful effects of chemicals and health products. We strive to make all of our products affordable and reliable and are constantly searching the market to maintain our a
Value: 150.0
Unit: Count
",https://m.media-amazon.com/images/I/81piOOGd1CL.jpg,117.49
207416,"Item Name: Famous Dave's - 2 pck, Hot & Sassy BBQ Sauce (40 oz.)
Bullet Point 1: The Hot & Sassy BBQ Sauce, 40 ounce, from Famous Dave's - 2 pack
Bullet Point 2: SWEET, SMOKY & SPICY: The flavor profile features a perfect balance of sweetness, smoky richness, and a satisfying spicy punch.
Bullet Point 3: SASSY WITH ATTITUDE: Get ready for a flavor explosion! The Hot & Sassy offers a more pronounced heat compared to the original, but it won't overpower the delicious base flavors.
Bullet Point 4: GOOD ISN'T GOOD ENOUGH, MAKE IT FAMOUS: Natural flavors, black strap molasses, fruit juices, herbs and spices work together to make Famous Dave's the real deal; You're not just making a meal, you're carrying on a legend
Bullet Point 5: FAMOUS DAVES AUTHENTIC RECIPES: Whether you're smoking ribs, barbecuing steaks, roasting chicken or grilling burgers, we've got award winning spices, sauces and side dishes to make your meal a success
Bullet Point 6: AWARD-WINNING QUALITY: If you’ve experienced our “Big Slab” of ribs or melt-in-your-mouth corn bread from Famous Dave’s, you know our passion for quality and time-honored ingredients and that's why were a Blue Ribbon Brand
Value: 40.0
Unit: Ounce
",https://m.media-amazon.com/images/I/61hXc89uN0L.jpg,11.85
87913,"Item Name: Healthy Choice Cafe Steamers Grilled Chicken Marinara with Parmesan, 9.5 Ounce -- 8 per case.
Bullet Point: Ships frozen, CANNOT be cancelled after being processed.
Product Description: Healthy Choice Cafe Steamers Grilled Chicken Marinara with Parmesan, 9.5 Ounce -- 8 per case. Enjoy a taste of Italy with this deliciously inspired dish, featuring juicy grilled white meat chicken, al dente whole-grain pasta and crisp broccoli in a zesty marinara sauce. It comes topped with freshly grated Parmesan and has no preservatives.
Value: 76.0
Unit: ounce
",https://m.media-amazon.com/images/I/71Qr+ZZytwL.jpg,2.99
130106,"Item Name: Laxmi Organic Whole Moong, Mung Bean Seeds - 2lbs for Cooking & Sprouting
Bullet Point 1: Laxmi Organic Whole Moong, also known as Mung Beans, are a popular legume that is cultivated as a protein source for a variety of Traditional Indian dishes.
Bullet Point 2: Laxmi Organic Whole Moong, commonly known as mung beans are a delicious staple in traditional Indian cooking and are excellent to use in: Whole Mung Dal, Soups and Stews, Mung Bean Dip, and Salads!
Bullet Point 3: House of Spices Laxmi Organic Whole Moong (Mung Bean Seeds) is an all natural food product that is guaranteed fresh. Our Mung Bean Seeds are of the highest quality and will be a delightful addition to any meal.
Bullet Point 4: Our Organic Whole Moong (Mung Bean Seeds) are available in 2lbs bags conveniently sized for home cooking! House of Spices has all of the Traditional Indian Spices and food products you need to get cooking.
Bullet Point 5: At House of Spices, spreading Indian food culture through quality products and family recipes is our company goal! Our authentic Indian Cooking spices are of the best quality and will bring intense flavor and vitality to your dinner table. Whether you're looking for traditional Indian spices and food products to create an exotic dinner, or simply wanting to indulge your nostalgia and make a dinner with all of the familiar flavors of home, House of Spices has the ingredients you need!
Product Description: Cooking for friends or family? Delight their taste buds with our Laxmi Organic Whole Moong (Mung Beans)! Our variety of authentic Indian spices and cooking ingredients are just what you need to create a gourmet meal in your kitchen. House of Spices carries the essential ingredients that will allow you to create a home-cooked sensational dish that always please. Laxmi Whole Moong - commonly known as mung beans can be used for a delicious traditional Indian dal and is also great for sprouting! If the whole moong is used in cooking, it will add a slightly sweet and nutty flavor to your dish. House of Spices is a leader in the market of classic Indian cooking spices. Proudly distributed throughout the United States, House of Spices specializes in exceptional spices and food products always sourced from the highest quality ingredients. House of Spices has the ingredients you need for traditional Indian cooking - made pure, made fresh, and made wholesome!
Value: 32.0
Unit: Ounce
",https://m.media-amazon.com/images/I/71Id5STx1EL.jpg,20.38
41724,"Item Name: Rigoni di Asiago Fior Di Frutta, Fruit Spread Wild Berry Organic, 8.82 Ounce
Bullet Point 1: A cocktail of exciting flavors ranging from the harsh to sweet
Bullet Point 2: Something unique and unmistakable
Bullet Point 3: Try on roast game or mature cheeses
Bullet Point 4: Organic, Non GMO, kosher certified & gluten free
Value: 8.82
Unit: Ounce
",https://m.media-amazon.com/images/I/71grGsk+F5L.jpg,6.49
296439,"Item Name: McCormick Freeze-Dried Chives, 0.16 oz (Pack of 4)
Value: 4.0
Unit: Count
",https://m.media-amazon.com/images/I/41yjTbgkzDL.jpg,7.965
154197,"Item Name: Bob's Red Mill - Baking Flour All Purpose Gluten Free - 22 oz.
Bullet Point 1: One, 22 oz. bag (1.375 lbs.)
Bullet Point 2: Gluten Free; Vegan; Vegetarian; Kosher Pareve
Bullet Point 3: Manufactured in a dedicated gluten free facility; R5-ELISA tested gluten free
Bullet Point 4: Versatile
Bullet Point 5: Good source of dietary fiber
Value: 22.0
Unit: Ounce
",https://m.media-amazon.com/images/I/617rePyR51L.jpg,11.645
92742,"Item Name: Victor High Strength Rubber Adhesive 1 oz.
Product Description: RUBBER CEMENT AUTO 1OZ (Pkg of 10)
Value: 1.0
Unit: Fl Oz
",https://m.media-amazon.com/images/I/41iR0A+ZzQL.jpg,2.94
114710,"Item Name: Sensible Portions Garden Veggie Straws Wavy Chips, Sea Salt, 1 Oz (Pack of 8)
Bullet Point 1: No Artificial flavors or preservatives
Bullet Point 2: Kosher
Bullet Point 3: Non-GMO
Bullet Point 4: Certified Gluten Free
Bullet Point 5: Cholesterol Free
Value: 8.0
Unit: Count
",https://m.media-amazon.com/images/I/811MmYCUkxL.jpg,1.59
94973,"Item Name: Sheila G's Brownie Brittle, Salted Caramel, 16 Ounce Bag (Packaging May Vary)
Bullet Point 1: SALTED CARAMEL: Covered with luscious caramel chips & decorated with flakes of sea salt, Brownie Brittle delivers rich brownie taste with a crisp cookie crunch. So much flavor in a wafer-thin snack!
Bullet Point 2: THIN, LIGHT & CRISPY: At 120 calories per 1 ounce serving, this all natural snack can satisfy your cravings with a deliciously sweet crunch. No more fighting for the corner piece! Kosher.
Bullet Point 3: DELICIOUS DESSERTS: Use your favorite Brownie Brittle for cheesecake or pie crusts & as a topping for yogurt, cereal or ice cream. Put a twist on s'mores, parfaits, ice cream sandwiches & cupcakes.
Bullet Point 4: TRY THEM ALL: Sheila G's line includes award-winning Brownie Brittle, Holiday Brownie Brittle, Gluten-free Brownie Brittle, & Brownie Brittle BLONDIES.
Bullet Point 5: THE ORIGINAL: Inspired by crispy edge pieces from a brownie pan, Sheila G's Brownie Brittle is a delicious snack with a cookie crunch. Satisfy your sweet tooth in a snap with Sheila G's Brownie Brittle!
Value: 16.0
Unit: ounce
",https://m.media-amazon.com/images/I/817Guj+TrKL.jpg,17.99
94139,"Item Name: Ken's Steak House Honey Mustard Dressing 16 Oz (2 Pack)
Value: 32.0
Unit: Ounce
",https://m.media-amazon.com/images/I/613QKDUZggL.jpg,3.755
209996,"Item Name: 200+ Dried Soursop Leaves, Hojas De Guanabana Secas, Whole Dried Soursop Graviola Leaf, 2.6oz (75g), Non GMO, Aromatic Tea, Caffeine Free. By Akshit
Bullet Point 1: Purely Natural Leaves: Our soursop leaves are freshly harvested, washed, and sun dried to retain their natural flavor and nutrients. Each soursop leaf package is crafted using International food-grade standards, ensuring safety and premium soursop leaves quality.
Bullet Point 2: PREMIUM NATURAL LEAVES – Natural soursop leaves are free from any additives or fillers, ensuring that each soursop graviola tea cup you brew is as close to nature as possible—pure leaves, wholesome, and full of natural goodness.
Bullet Point 3: GUANABANA TEA BENEFITS: Soursop leaves may help with natural immunity, relief, skincare, hair growth, unwinding after a long day offering a calm sleep. Soursop graviola leaf tea is perfect for unwinding at the end of the day or for a peaceful break throughout your routine.
Bullet Point 4: Embrace the unique taste of Graviola Soursop Leaves, known for their distinct flavor profile and captivating leaf scent. Hoja de guanabana offers a soothing experience, making it ideal for unwinding after a long day or starting your morning refreshed.
Bullet Point 5: Soursop Tea: Soursop leaves are perfect for brewing into a soothing herbal tea. Place 8-10 leaves in 34 fl.oz of water, boil for 10-15 minutes to fully release their natural dried soursop leaves flavor and nutrients. Add honey or lemon to taste
Bullet Point 6: 200+ WHOLE GUANABANA LEAVES – Each soursop leaf bag contains 200+ whole leaves. These dried soursop leaves are carefully packaged to preserve the freshness and potency of the serene herbs guanabana
Bullet Point 7: If you love herbs too, just know you’re one of a kind! Whether you’re looking for a natural pure tea, or loose leaves, just grab our dried soursop graviola leaves package a secret to a wonderful cup of tea!
Bullet Point 8: How to Brew : Simply add 1 teaspoon of dried soursop leaves to a cup of boiling water. Let it steep for 5–7 minutes, then enjoy the soothing benefits of this unique herbal tea. Feel free to sweeten with honey or your favorite natural sweetener.
Product Description: Soursop graviola leaves are aromatic perennial plant herbs and considered to be a natural remedy due to soursop leaves natural nutrients. Dried Soursop leaves (hojas de guanabana secas) have been used since ancient time. Dried soursop leaves can be considered as natural immunity, relaxing, relief. Whole soursop leaves herbs and can be consumed as dried soursop graviola leaves (hojas de guanabana enteras). Grab a cup of hojas de guanabana leaves tea and explorer the various dried soursop leaf natural benefits in this dried soursop leaves package. Hojas de guanabana leaves can be consumed as a fresh hojas de guanabana leafy green vegetable, either cooked or fresh soursop graviola leaves, in salads, soups, or stews. Hojas de guanabana leaves also known as whole Soursop Graviola leaves, are used in numerous dried soursop graviola leaves culinary dishes adding a unique dried guanabana leaves tea flavor and nutritional leaves value. Elevate your senses with our hojas de guanabana secasmade from with no added preservatives, no additives, or artificial flavours. Dry soursop leaves are and can be used for multiple purposes. these dried guanabana leaf herbs a perfect addition to your daily routine. Dried soursop leaves may help with natural immunity, relaxing and unwinding after a long day. Dried soursop Graviola leaves are caffeine-free guanabana loose leaves and non-GMO Hojas de Guanabana secas is rich in natural nutrients making these dried soursop leaf herbs a perfect addition to your daily routine. Akshit brings you the benefits of nature by selecting the finest Soursop leaves to bring you a tasty natural hoja de guanabana tea. Using Herbs is a discovery journey since many people explore different uses for these soursop leaves. Carefully Sourced & Naturally Dried : Our soursop leaves are handpicked from mature soursop trees, carefully selected for their quality and natural goodness. After harvesting, these leaves are sun-dried hoja de guanabana to preserve their unique leaf tea aroma, flavor, and nutrients, ensuring a premium guanabana leaf product for your wellness routine. The surface of a fresh Soursop leaf is wide and leathery with some light brown patches. Natural Soursop leaves (hojas de guanabana secas) has various natural leaves benefits like can help in relaxing due to the natural dried guanabana leaves natural benefits contained in the whole dried Soursop leaves. Soursop Leaves tea (guanabana leaves tea) are used to make Soursop leaves extract (hojas de guanabana) like Soursop leaf oil, Soursop leaves powder, Soursop leaves juice Hojas de guanabana leaves can be consumed as a leafy green vegetable, either cooked or raw whole soursop leaves, in salads, soups, or stews. Hojas De guanabana leaves also known as dried soursop Graviola leaves, are used in numerous culinary dishes adding a unique hojas de guanabana leaf tea flavor and dried soursop graviola leaves benefits. Natural soursop leaves for sale are free from artificial additives, caffeine, sugar, and gluten-free, making these loose leaves an ideal choice for those seeking natural wellness and health benefits. Enjoy the benefits of soursop leaf tea, brewed with the finest ingredients. Dried soursop leaves have been treasured dried leaves herbs also known as hojas de guanabana/ dried soursop graviola leaves for their natural leaves benefits. Soursop graviola leaves may help in relaxing and calming your mind? Dive into the adventure of natural hojas de guanabana leaves or leaf tea and discover what nature has to offer in dry soursop tea leaves. A cup of soursop leaves dried (hojas de guanabana enteras) can be a daily ritual amidst the hustle and bustle of life.
Value: 200.0
Unit: Count
",https://m.media-amazon.com/images/I/71g7Cjjk4XL.jpg,8.99
168852,"Item Name: Executive Suite Seattle Roast Coffee, 2.5 Oz., Box Of 42
Bullet Point 1: Full of rich and hearty flavor
Bullet Point 2: Includes coffee brewing filters.
Product Description: Full of rich and hearty flavor Includes coffee brewing filters.
Value: 1.0
Unit: Count
",https://m.media-amazon.com/images/I/61MA8hbYHTL.jpg,82.09
181718,"Item Name: Goya Foods Whole Kernel Golden Corn, 15.25 Ounce (Pack of 24)
Bullet Point 1: VERSATILE & SMOOTH TEXTURE GOYA Whole Kernel Golden Corn is an essential ingredient throughout South America and Mexico. A natural product that you can enjoy as an appetizer, inside soups or salads and in between meals, GOYA Premium Whole Kernel Golden Corn is a staple ingredient in kitchens all over the world. Goya Whole Kernel Golden Corn comes straight off the cob
Bullet Point 2: EXCELLENT DIET COMPATIBILITY No Sugar Added, Vegan and Kosher. Goya Whole Kernel Golden Corn is a Fat Free, Saturated Fat Free, 0g Trans Fat, Cholesterol Free and Sodium Free Food
Bullet Point 3: QUICK COOKING GOYA Whole Kernel Golden Corn is an indispensable ingredient in homemade soups, stews, salads and countless Latin recipes
Bullet Point 4: PREMIUM QUALITY If it's Goya. it has to be good! Si es Goya. tiene que ser bueno
Bullet Point 5: PACK OF 24: 15.25 OZ CANS
Bullet Point 6: Country string: united states
Value: 366.0
Unit: Ounce
",https://m.media-amazon.com/images/I/61fHU10ETvL.jpg,1.52
20468,"Item Name: HIMALAYA Organic Garlic, 60 CT
Product Description: Supplements
Value: 60.0
Unit: Count
",https://m.media-amazon.com/images/I/81GJHRaDzeL.jpg,18.06
17828,"Item Name: Yellow Lime Green and White Cake Pop Cookie Cupcake Cakes Semi-Sweet Edible Confetti Decorations Sprinkles Desert Jimmies Toppers 6oz Bag
Bullet Point 1: Create festive candy buffets and dessert tables at all types of special events, including weddings, bridal showers, baby showers, birthdays, college events, bar and bat mitzvahs, corporate events, Hollywood galas and more.
Bullet Point 2: SprinkleDeco Desert Toppers are great for any occasion including weddings, birthdays, baby showers, anniversaries and more. These quality edibles can be used on donuts, cupcakes, cakes, icecream, cookies and a lot more. 6oz Sealed Jar.
Bullet Point 3: High quality edibles to decorate your cupcakes, cookies, baked goods and ice cream; Items within same container may vary slightly in shade. Store in cool, dry area for long shelf life.
Bullet Point 4: This product is prepared and packaged using machines that may come in contact with Wheat/Gluten, Eggs, Dairy Products, Peanuts, Soy, and Tree Nuts
Product Description: SprinkleDeco Desert Toppers are great for any occasion including weddings, birthdays, baby showers, anniversaries and more. These quality edibles can be used on donuts, cupcakes, cakes, icecream, cookies and a lot more. 6oz Sealed Jar.
Value: 6.0
Unit: Ounce
",https://m.media-amazon.com/images/I/81xm9aCHQEL.jpg,9.98
7143,"Item Name: Lunchable Nacho with Capri Sun Convenience Meal, 10.7 Ounce - 8 per case.
Value: 10.7
Unit: Ounce
",https://m.media-amazon.com/images/I/91HRj51MO4L.jpg,86.965
84350,"Item Name: Mekhala Organic Gluten-Free Thai Green Curry Paste 3.53oz
Bullet Point 1: 🌟 DELICIOUS AND AUTHENTIC: This world famous Thai style curry paste is made up of fresh green chillies and herbs. This organic paste brings you a delicious Thai curry, and can be a savory marinade for all types of grilled or barbecued vegetables, seafood and meat. Add your favourite ingredients, coconut or nut milk and simmer. Expect Thai-style HEAT too, as we make no compromise there in authenticity.
Bullet Point 2: 🌱 CERTIFIED USDA Organic. Vegan. Gluten-free, oil-free, no added sugar. Cleanest, healthiest Asian pastes in the market - just read the label! No artificial preservatives, colors or flavors. Made in a animal, gluten and dairy free facility. 🌱
Bullet Point 3: CONCENTRATED PASTE: Unlike other brands or pastes and sauces, our pastes are super concentrated. You'll enjoy 8-10 servings per jar! Spice level - HOT! 🍲😋
Bullet Point 4: ⏱️ QUICK EASY VERSATILE COOKING ESSENTIAL: Whether you're making curries, soups, or stir-fries, our curry paste blends effortlessly with your favorite ingredients, enhancing every meal. Simplify your cooking process with our ready-to-use paste, designed to save you time without compromising on flavor.
Bullet Point 5: 💯 100% SATISFACTION GUARANTEED: If your product arrives damaged, contact us with your order number and photo of the product, and we will process a refund or replacement. Our products are not tested on animals and are cruelty free.
Product Description: DELICIOUS AND AUTHENTIC: Cook delicious curry in minutes with Mekhala's Green Curry Paste. Fresh. bright and spicy! Made from fresh green chilles and herbs sourced from small organic farms in Northern Thailand. Ideal with chicken, veggies, shrimp, mushrooms.
Value: 3.53
Unit: Ounce
",https://m.media-amazon.com/images/I/71cnSq9LViL.jpg,19.22
214022,"Item Name: Double Donut Hot Chocolate, Classic Hot Chocolate, Hot Chocolate Packets, Hot Cocoa Mix, 128 Count
Value: 158.04
Unit: Ounce
",https://m.media-amazon.com/images/I/81HZPvOuYGL.jpg,19.96
89260,"Item Name: Walden Farms Calorie Free Whipped Peanut Spread 12 Oz (Pack of 6)
Product Description: <p>Save on Walden Farms Calorie Free Whipped Peanut Spread (6x12 Oz). Sounds too good to be true...but it is! Introducing New Walden Farms Calorie Free Whipped Peanut Spreads made ""The Walden Way."" CLASSIC PEANUT SPREAD that's smooth and creamy with Natural Fresh Roasted Peanut flavor. CHOCOLATE PEANUT SPREAD with Real Chocolate from Natural Premium Cocoa Beans. CINNAMON RAISIN PEANUT SPREAD with Natural Cinnamon and Sweet Raisins. Delicious on crackers or toast. When making a PB&J switch from other brands of Peanut Butter loaded with sugar and almost 200 calories in just two level tablespoons to new Walden Farms Whipped Peanut Spreads and save over 600 calories when made with Walden Farms Calorie Free Fruit Spreads, ""The Walden Way."" {Note: description is informational only. Please refer to the actual product ingredient list prior to use. Please refer any questions to your health professional before using this product.}</p>
Value: 72.0
Unit: Fl Oz
",https://m.media-amazon.com/images/I/617EqtR1QDL.jpg,4.975
12408,"Item Name: FreshJax Spices Organic Ground Rosemary Powder (2.6 oz Bottle) Non GMO, Gluten Free, Keto, Paleo, No Preservatives Ground Dried Rosemary Leaves | Handcrafted in Jacksonville, Florida
Bullet Point 1: ROSEMARY POWDER: Elevates dishes with aromatic and earthy flavor of organic rosemary; it adds a distinctive, aromatic flavor to meats, roasted vegetables, sauces, and marinades, making dishes more flavorful
Bullet Point 2: VERSATILE HERB: Perfect for roasts, marinades, soups, veggies, homemade bread, and more; adds a fresh and earthy dimension to a wide range of dishes
Bullet Point 3: PREMIUM ORGANIC SPICES: Crafted in small batches for superior flavor; these spices are organic, gluten-free, vegan, non-GMO, keto- and paleo-friendly, with no preservatives—ensuring bold taste and quality in every dish
Bullet Point 4: CONVENIENT LARGE SHAKER BOTTLE: Comes in a large, BPA-free dual-sided shaker bottle; designed for easy, precise seasoning, making every meal flavorful with minimal effort
Bullet Point 5: SUPPORTS A CAUSE: With every purchase, you help fight childhood hunger; FreshJax is committed to making a difference, one meal at a time
Product Description: FreshJax Organic Rosemary Powder 2.6oz (74g) <p> Ingredients: Certified organic ground rosemary. Gluten-Free, Certified Kosher, Vegan, Keto, Paleo, No Preservatives. <p>Here are some holiday recipe ideas using rosemary powder:</p> <p>1. Thanksgiving:<br />Rosemary Powder Roasted Turkey<br />Rosemary Powder and Garlic Mashed Potatoes<br />Rosemary Powder and Sausage Stuffing</p> <p><br />2. Christmas:<br />Rosemary Powder-Crusted Prime Rib<br />Rosemary Powder and Honey Glazed Carrots<br />Rosemary Powder and Cranberry Pork Loin</p> <p><br />3. New Year's Eve:<br />Rosemary Powder and Lemon Roasted Nuts<br />Rosemary Powder Flatbread with Goat Cheese<br />Rosemary Powder and Parmesan Shortbread</p> <p><br />4. Easter:<br />Rosemary Powder-Rubbed Lamb Roast<br />Rosemary Powder and Garlic Roasted Potatoes<br />Rosemary Powder and Lemon Spring Chicken</p> <p><br />5. Halloween:<br />Rosemary Powder and Garlic Roasted Pumpkin Seeds<br />Rosemary Powder Sweet Potato Fries<br />Rosemary Powder and Parmesan Popcorn</p> <p><br />6. Fourth of July:<br />Rosemary Powder Grilled Chicken Skewers<br />Rosemary Powder and Lemon Potato Salad<br />Rosemary Powder Grilled Vegetables</p> <p><br />7. Hanukkah:<br />Rosemary Powder and Garlic Latkes<br />Rosemary Powder Brisket<br />Rosemary Powder Roasted Root Vegetables</p> <p><br />Rosemary powder adds a fragrant, earthy flavor that enhances these holiday dishes perfectly!</p>
Value: 2.6
Unit: Ounce
",https://m.media-amazon.com/images/I/715tTnQyX7L.jpg,14.99
28044,"Item Name: S&B Curry Sauce with Vegetables Hot, 7.4 Ounce (Pack of 10)
Bullet Point 1: - This is a retort pouch product which is easy to cook
Bullet Point 2: - The aroma of spice & herbs stands out in the rich taste
Bullet Point 3: - This contains potato, carrot and onion as ingredients
Value: 74.0
Unit: Ounce
",https://m.media-amazon.com/images/I/81tdpVQD8HL.jpg,52.9
287631,"Item Name: Swanson 100% Natural Chicken Broth, 32 oz Carton (12 Pack)
Bullet Point 1: Twelve (12) 32 oz recyclable cartons of Swanson 100% Natural Chicken Broth
Bullet Point 2: Perfectly balanced flavors of farm-raised chicken, vegetables picked at the peak of freshness, and high-quality seasonings
Bullet Point 3: Fat-free, gluten-free chicken broth made with 100% natural, non-GMO ingredients; no artificial flavors or colors and no preservatives
Bullet Point 4: Use it to add flavor and moisture to entrees and side dishes, as a soup base, or in place of water to boost rich flavor in rice and pasta
Bullet Point 5: A must-have for your holiday cooking; adds richer, elevated homemade flavor to mashed potatoes, stuffing and more
Value: 384.0
Unit: Ounce
",https://m.media-amazon.com/images/I/815s5zLG5IL.jpg,2.99
79166,"Item Name: Alessi Savoiardi Lady Fingers(12x7 Oz)
Value: 12.0
Unit: Count
",https://m.media-amazon.com/images/I/517dQlDjvxL.jpg,41.925
44723,"Item Name: Anchor Bar Bar-b-que Sauce
Product Description: Anchor Bar Bar-b-que Recipe Buffalo Wing Sauce - From the home of America's Original Buffalo Chicken Wings, The Anchor Bar, comes a honey of a barbecue sauce. We're wild about this rich blend of natural ingredients with a sweet, full-bodied barbecue flavor that's incredible on wings, ribs and pork. Also, perfect as a marinade, for basting or dipping sauce. This sauce comes with directions on the side of the bottle to insure the perfect wings for your family & friends.
Value: 12.0
Unit: Fl Oz
",https://m.media-amazon.com/images/I/51HS4lM-pmL.jpg,13.99
184627,"Item Name: Armour Star Chicken Vienna Sausage, Canned Sausage, 4.6 oz
Bullet Point 1: One 4.6 oz can of Armour Star Chicken Vienna Canned Sausage
Bullet Point 2: Versatile, ready to eat canned chicken sausages can be an ingredient option in an easy meal
Bullet Point 3: Canned meat is made with chicken in chicken broth
Bullet Point 4: Eat right out of the can, add to recipes or serve as an appetizer
Bullet Point 5: Ready to eat meat in a can that doesn’t require any cooking
Value: 4.6
Unit: Ounce
",https://m.media-amazon.com/images/I/81wsNNCODBL.jpg,6.86
37974,"Item Name: Pure Coconut Water; Pineapple
Value: 17.0
Unit: Count
",https://m.media-amazon.com/images/I/51JNClVYqAL.jpg,3.49
203961,"Item Name: V8 +Energy Sparkling Pomegranate Blueberry Juice Energy Drink, 11.5 fl oz Can (12 Pack)
Bullet Point 1: Twelve (12) 11.5 fl oz cans of V8 +Energy Sparkling Pomegranate Blueberry Juice Energy Drink
Bullet Point 2: A carbonated vegetable and fruit juice blend infused with natural energy from black and green tea and natural pomegranate and blueberry flavors
Bullet Point 3: Each can of sparkling juice contains 1 combined serving of veggies and fruit along with 80 milligrams of caffeine – as much as leading energy drinks
Bullet Point 4: A healthy energy drink alternative with 50 calories and 12 grams of carbs per can; an excellent source of B Vitamins
Bullet Point 5: Non-GMO and gluten-free with no sugar added* and no artificial colors (*Not a low calorie food; see nutrition panel for sugar and calorie content)
Value: 138.0
Unit: Fl Oz
",https://m.media-amazon.com/images/I/81Z48XZZNgL.jpg,6.24
92149,"Item Name: Anna and Sarah Dried Turkish Apricots in Resealable Bag, 1lb 1 Pack
Bullet Point 1: DRIED JUMBO-SIZE APRICOTS: Natural source of energy, the best quality Turkish Malatya Apricots. Always better option to stop food cravings. Comes in a resealable bag and always fresh!
Bullet Point 2: NUTRITIOUS HEALTHY SNACKS: High in fiber, rich source of antioxidants, vitamin A, potassium, magnesium and iron. Suitable for vegetarian, vegan, raw diets and good for weight control.
Bullet Point 3: NO SUGAR ADDED: Natural taste, suitable for vegetarian, vegan, raw diets and good for weight control.
Bullet Point 4: STORAGE INSTRUCTIONS: Store in a cool, dry area; after opening, place in tightly sealed airtight or heavy-duty plastic bag. Refrigeration is recommended in hot, humid environments.
Bullet Point 5: COUNTRY OF ORIGIN: Malatya, TURKEY. - Anna and Sarah brings healthy snacks and super nutritious nuts and dried fruits from nature into your bags and onto your table.
Value: 16.0
Unit: Ounce
",https://m.media-amazon.com/images/I/81gaXcqcbnL.jpg,18.28
158443,"Item Name: Crisp Roasted Barley 1 Lb.
Bullet Point 1: Crisp Roasted Barley malt
Bullet Point 2: 1 lb bag
Bullet Point 3: Very Dark Color
Bullet Point 4: Avg. Lovibond: 695
Bullet Point 5: Country Of Origin: UK
Product Description: Unmalted barley is roasted to a very very dark color. It has a characteristic dry bitterness and is a staple ingredient in the production of stouts. Use up to 10%. Avg. Lovibond: 695 Country of origin: UK
Value: 1.0
Unit: Count
",https://m.media-amazon.com/images/I/61NH0UnzuJL.jpg,12.63
47198,"Item Name: Quaker Hot Oat Bran Hot Cereal, 16 Ounce Box
Bullet Point 1: Oat bran hot breakfast cereal
Bullet Point 2: Heart Healthy Whole Grains – Quaker Oats are 100% Whole Grains. Diets rich in whole grain foods and other plant foods and low in saturated fat & cholesterol may help reduce the risk of heart disease.
Bullet Point 3: Good Source of Fiber – Quaker Oats provide a good source of fiber to support a healthy digestive system. See nutrition facts for total fat per serving.
Bullet Point 4: 16 oz box
Value: 16.0
Unit: Ounce
",https://m.media-amazon.com/images/I/81O45rSZwkL.jpg,12.3
134337,"Item Name: Pop Secret Popcorn, Extra Butter, 3.2 Oz Bags, 12 Ct
Bullet Point 1: Extra butter taste: Pop Secret extra butter flavored popcorn is a snack-time classic with a craveable butter taste
Bullet Point 2: Delicious any time: a delicious snack for movie night, TV watching, family game time, or any time!
Bullet Point 3: Warm popcorn: delicious hot popcorn with an irresistible aroma and flavor, ready in minutes
Bullet Point 4: Whole grain snack: 100% whole grain popcorn snacks everyone can feel good about
Bullet Point 5: Ingredients to feel good about: non-GMO corn and no artificial preservatives, flavors, fructose corn syrup or trans fats
Bullet Point 6: 12 sharable bags: box comes with plenty of Pop Secret microwave popcorn bags to share
Value: 38.4
Unit: Ounce
",https://m.media-amazon.com/images/I/81QpuccxhFL.jpg,5.58
75431,"Item Name: Sincerely Nuts Sunflower Seed Kernels Raw (No Shell) (5lb bag) | Delicious Antioxidant Rich Snack | Source of Protein, Fiber, Essential Vitamins & Minerals | Vegan and Gluten Free
Bullet Point 1: RAW SUPERFOOD - Raw sunflower seeds are one of nature’s premiere superfoods, meaning they're made up of a complex bioactive blend of fortifying nutrients. And because they're raw, they've never been roasted so you know you're getting the maximum amount of health out of every serving!
Bullet Point 2: LOADED WITH VITAMINS & MINERALS - You don't need to take an expensive multivitamin to get your own daily dose of vitamins & minerals! A serving of raw sunflower seeds is loaded with tons of what you need including: Copper, Magnesium, Selenium, Manganese, Phosphorus, Folate, Vitamin E and Vitamins B1, B3 & B6.
Bullet Point 3: HEALTHY SNACKING CHOICE - Sunflower seeds are a great healthy snacking choice - and our raw version is even healthier! Packed with protein, healthy fatty acids and fiber that fuel your body and help you feel fuller quicker. Sunflower seeds are a tasty snack for kids and a 100% guilt-free one for you!
Bullet Point 4: CRUNCHY SALAD TOPPER & MIXER - Raw sunflower seeds go great on top of any salad or as an ingredient in homemade trail mixes and energy balls or bars. You can use them anywhere you'd use flax or chia seeds, and incorporate them into baked goods and crunchy concoctions!
Bullet Point 5: UNRIVALED SOURCING QUALITY - At SincerelyNuts we are committed to the highest quality natural ingredient sourcing and production processes. Our Large Full Shell Roasted Sunflower Seeds with Kosher Salt are sourced from Israel – Israeli sunflower seeds have the reputation for being the tastiest variety in the world.
Product Description: DELICIOUSLY TASTY FRESH N' RAW SUNFLOWER SEED KERNELS... A Strikingly tasty raw snack There’s no taste close to nature than eating raw. The sunflower seed kernels are delicious even if eaten raw and people go mostly nuts over a handful. Taste these carefully selected and deshelled raw sunflower seed kernels and you will notice the dash of freshness that defines each and every mouthful. Spice up flavors in brilliant ways There’s no fault if you absolutely love to eat them raw, but there's also nothing wrong to experiment mixing with different diet formats. Mix it with your salads and garnish your favorite morning breakfast with these, you will surely have more fun and more taste options on your everyday diet list. Healthy antioxidant rich food Antioxidant does wonders on your health. The sunflower seed kernels are a natural source full of edible antioxidants that revitalizes and repairs your body from within. Reasons to enjoy the refreshing natural taste of raw sunflower seed kernels every day: - Rich natural nutty taste with a variation to wake up your bored taste senses. - Freshness sealed, these seeds offer great taste. - Ready to be eaten the way you want. - Rich source of naturally occurring antioxidants. - Kosher Certified. Click on the ""buy now"" button to enlighten your taste with raw sunflower seed kernels.
Value: 80.0
Unit: Ounce
",https://m.media-amazon.com/images/I/71XzkIQdqcL.jpg,17.24
140101,"Item Name: Stay On Satin Hair Wrap Anti-Breakage Extra Large Womens Bonnet for Sleeping, Assorted Colors
Bullet Point 1: Satin hair bonnet comes in ready to wear large size and activates a built in anti-breakage conditioner to help save hair style even longer
Bullet Point 2: Hair styling accessory is made of high quality satin fabric which protects hair while preventing breakage
Bullet Point 3: Hair Bonnet is made of a silk like material which is very smooth and breathable for long and durable use on pillow
Bullet Point 4: Hair cap is great for multiple hair styles including: buns, loose hair, dreadlock, braids, weave, perms, curly hair, afros, and more
Bullet Point 5: Head scarf comes in assorted colors randomly chosen from: Black, Lilac, Pink, Brown, Tan, Burgundy
Value: 1.0
Unit: count
",https://m.media-amazon.com/images/I/81nN-mF9V3L.jpg,7.69
206705,"Item Name: Lakanto Monk Fruit Extract Drops Liquid Sweetener - Zero Calorie, Zero Sugar, Keto Drink Sweetener, Sugar Substitute, On the Go, Tea, Coffee, Smoothies - Vanilla 1.76 Fl Oz (Pack of 1)
Bullet Point 1: Pure Monk Fruit Sweetener – Made with high-quality monk fruit extract, providing a naturally sweet taste without sugar or artificial additives.
Bullet Point 2: Zero Calories & Zero Sugar – Enjoy the sweetness you love without the guilt—perfect for keto, diabetic, and low-carb lifestyles.
Bullet Point 3: Delicious Vanilla Flavor – Adds a smooth, rich vanilla taste to your favorite beverages like coffee, tea, smoothies, and more.
Bullet Point 4: On-the-Go Convenience – Compact 1.76 fl oz bottle with a dropper for easy, mess-free use anywhere you need a touch of sweetness.
Bullet Point 5: Versatile Sugar Substitute – Use as a natural alternative to sugar in hot and cold drinks, baking, or other recipes.
Bullet Point 6: Keto & Diabetic Friendly – Supports healthy blood sugar levels with a naturally derived sweetener that won’t spike insulin.
Bullet Point 7: No Artificial Ingredients – Free from erythritol, stevia, artificial sweeteners, and preservatives for a clean, pure taste.
Value: 1.76
Unit: Fl Oz
",https://m.media-amazon.com/images/I/61x4vzLSsEL.jpg,11.765
181936,"Item Name: Cook’s, Organic Madagascar Vanilla Powder, World’s Finest Gourmet Fresh Premium Vanilla for Cooking, Baking, & Flavoring, 1.5 Pound (24 Ounce)
Bullet Point 1: Cook’s Vanilla Powder is a revolutionary vanilla created by Cook’s as the first real alternative to liquid pure vanilla extracts.
Bullet Point 2: 1.5lb. Resealable Plastic Jar for Safe & Convenient Storage
Bullet Point 3: All Natural, Gluten-Free, Alcohol-Free, Vegan & Kosher
Bullet Point 4: Certified Organic by CCOF
Bullet Point 5: Available in a variety of sizes, from 4.5oz to 5lb.
Value: 24.0
Unit: Ounce
",https://m.media-amazon.com/images/I/71gu77LTonL.jpg,36.99
17546,"Item Name: YUMEARTH Organic Sour Giggles, 2.5 OZ
Bullet Point: No hydrogenated fats or high fructose corn syrup allowed in any food
Value: 2.5
Unit: Ounce
",https://m.media-amazon.com/images/I/51nji3RNLtL.jpg,6.39
285246,"Item Name: Newman's Own Organic Pop's Corn Microwave Popcorn, Butter, 3 Count
Bullet Point 1: Made with organic corn, organic palm fruit oil, and natural butter flavor
Bullet Point 2: Contains no trans-fatty acids and no partially hydrogenated oils; kosher
Bullet Point 3: Made with certified organic ingredients
Bullet Point 4: Product of the USA
Bullet Point 5: Product of the USA
Value: 9.9
Unit: Ounce
",https://m.media-amazon.com/images/I/A1waxKbYlyL.jpg,12.98
238851,"Item Name: Badia Adobo Without Pepper (15oz/425.2g)
Bullet Point: Container type: Bottle
Product Description: Adobo without Pepper is an all-around condiment for meats, poultry, fish, seafood and vegetables. For best results use 1/2 hour before cooking. Recipe Ideas: Bacon Bits, Kale Flakes, Egg & Gouda Cheese Bites Cocido Portuguese Other Sizes & Flavors: SKU: 033844012052 Categories: Adobo, Seasoning Blends Tags: Adobo, Seasonings Known Allergens None Country of Origin Blended In The United States Gluten-Free Yes Halal Yes Kosher Yes MSG-Free Yes Sodium Status Salt Added Unit UPC 033844012052 Ingredients Salt, Garlic Powder, Sugar, Spices including Turmeric, Citric Acid and Silicon Dioxide (to prevent caking).
Value: nan
Unit: None
",https://m.media-amazon.com/images/I/51AMz+PHS4L.jpg,9.98
30221,"Item Name: Los Chileros Mexican Ibarra Chocolate, 19 Ounce (Pack of 12)
Bullet Point 1: Used to enhance the flavor of any meal
Bullet Point 2: La flor's steak seasoning is great for steaks, hamburgers, and pork
Value: 223.2
Unit: ounce
",https://m.media-amazon.com/images/I/91hO-Ev2tQL.jpg,17.0
201646,"Item Name: Generic Wijngaard Kaas Sundried Tomato Gouda, 5.1OZ, 12 Pack
Bullet Point: Seasoned with sundried tomato and chives
Product Description: This gouda is seasoned with sundried tomato and chives and looks as lovely as it tastes. This Dutch gouda is aged at least 4 months, resulting in a younger gouda that has a semi-firm, smooth texture, still retaining some creaminess. - Ingredients: Pasteurized cow’s MILK 3,3% Dried tomato (tomato, corn starch) 0,1% Chives Salt Starter Rennet (animal) Colouring matter: carotene
Value: 12.0
Unit: Count
",https://m.media-amazon.com/images/I/716j0A4ZByL.jpg,86.38
157383,"Item Name: Sweet Street Bourbon Street Pecan Pie, 14 Slice -- 4 per case.
Bullet Point: Ships frozen, CANNOT be cancelled after being processed.
Product Description: Sweet Street Bourbon Street Pecan Pie, 14 Slice -- 4 per case. Mammoth toasted pecan halves in an intoxicating filling, laced with Kentucky bourbon.
Value: 4.0
Unit: Count
",https://m.media-amazon.com/images/I/61TzcfCmxUL.jpg,96.99
13640,"Item Name: M&M'S Holiday Milk Chocolate Christmas Candy, 3-Ounce Candy Cane
Bullet Point 1: Contains one (1) 3-ounce candy cane filled with M&M'S Milk Chocolate Candy
Bullet Point 2: M&M'S Candy is all dressed up for the holidays in red and green shells
Bullet Point 3: Colorful Christmas candies are a delicious Secret Santa gift
Bullet Point 4: Festive candy-filled canes are perfect for using as stocking stuffers
Bullet Point 5: Gift to coworkers, party hosts and friends
Value: 3.68
Unit: Ounce
",https://m.media-amazon.com/images/I/51Y-sILh93L.jpg,8.8
142069,"Item Name: Mango Black Tea (Loose) (Deluxe Blend) (8 oz, ZIN: 530529)
Bullet Point 1: Our Mango Black Tea is a scrumptuous flavored Black tea with Marigold and Mango Slices (Dried) that has a refreshing taste that will impress you! - Ingredients: Black tea, Marigold, Mango Slices (Dried) and natural mango flavor.
Bullet Point 2: No fillers.
Bullet Point 3: Manufacturer: TerraVita
Bullet Point 4: Size: 8 oz
Bullet Point 5: Loose Leaf Black Tea - Packed in a convenient upright pouch!
Product Description: Our Mango Black Tea is a scrumptuous flavored Black tea with Marigold and Mango Slices (Dried) that has a refreshing taste that will impress you! - Ingredients: Black tea, Marigold, Mango Slices (Dried) and natural mango flavor. - Hot tea brewing method: Bring freshly drawn cold water to a rolling boil. Place 1 teaspoon of tea for each desired cup into the teapot. Pour the boiling water into the pot, cover and let steep for 2-4 minutes. Strain and pour into your cup; add milk and natural sweeteners to taste. - Iced tea brewing method: (to make 1 liter/quart): Place 5 teaspoons of tea into a teapot or heat resistant pitcher. Pour 1 1/4 cups of freshly boiled water over the tea itself. Steep for 5 minutes. Fill a serving pitcher with 1/4 cold water. Strain and pour the tea into the serving pitcher Add ice and top-up with cold water. Sweeten and garnish to taste. - TerraVita is an exclusive line of premium-quality, natural source products that use only the finest, purest and most potent ingredients found around the world. TerraVita is hallmarked by the highest possible standards of purity, potency, stability and freshness. All of our products are prepared with the highest elements of quality control, from raw materials through the entire manufacturing process, up to and including the moment that the bottles or bags are sealed for freshness and shipped out to you. Our highest possible standards are certified by independent laboratories and backed by our personal guarantee. - TerraVita exists to meet and ensure your family's health and wellness without the harmful effects of chemicals and health products. We strive to make all of our products affordable and reliable and are constantly searching the market to maintain our affordability and to look for new ways to serve you an
Value: 8.0
Unit: Ounce
",https://m.media-amazon.com/images/I/81PGdQV7thL.jpg,24.29
126609,"Item Name: TableTop King Salute Brand 1 Gallon Premium Blend Soy Salad Oil - 6/Case
Value: 768.0
Unit: Fl Oz
",https://m.media-amazon.com/images/I/51OA0gM7PKL.jpg,12.49
212654,"Item Name: Earth Bound Vegan Plant-Based Italian Meatball - High-Protein, Shelf-Stable, Halal Kosher, No Preservatives or Artificial Colors, 14g Protein Per Serving
Bullet Point 1: High-Protein Power: Each serving provides a satisfying 14g of plant-based protein to fuel your day.
Bullet Point 2: Clean Ingredients: Made without added preservatives or artificial colors, ensuring a pure and wholesome taste.
Bullet Point 3: Shelf-Stable Convenience: These meatballs stay fresh without refrigeration, making them perfect for your pantry or on-the-go lifestyles.
Bullet Point 4: Deliciously Versatile: Perfect for spaghetti, subs, pizzas, or as appetizers with your favorite marinara or dipping sauce.
Bullet Point 5: Authentic Flavors: Crafted with a blend of classic Italian herbs and spices for a delicious, savory experience.
Bullet Point 6: 🥗 Plant-Based Perfection: Made with premium vegan ingredients for a guilt-free, cruelty-free alternative to traditional meatballs.
Bullet Point 7: 💪 Protein-Packed: Delivers 14g of plant protein per serving to keep you satisfied and energized.
Bullet Point 8: 🌱 Clean and Natural: Free of added preservatives and artificial colors for a natural and wholesome bite.
Bullet Point 9: 🕒 Shelf-Stable: Convenient storage without refrigeration – perfect for busy lifestyles.
Bullet Point 10: 🍴 Quick & Easy: Ready to cook in minutes – bake, saute, or simmer in sauce for the ultimate Italian experience.
Product Description: Elevate your meals with our Vegan Plant-Based Italian Meatballs, the ultimate choice for health-conscious individuals craving a savory, protein-packed alternative to traditional meatballs. Crafted with premium plant-based ingredients and infused with classic Italian herbs and spices, these meatballs deliver a rich, authentic flavor and satisfying texture. Whether you’re a vegan, flexitarian, or simply exploring plant-based options, our Italian Meatballs bring nutrition and taste to your pasta, subs, appetizers, or any meal. Packed with protein and free from animal products, they cater to your dietary needs while making every bite unforgettable. Perfect for quick snacks, hearty family dinners, or gourmet entertaining, these meatballs offer convenience and versatility in your kitchen. Make the switch to a sustainable and ethical lifestyle without sacrificing the flavors you love. Try our Vegan Plant-Based Italian Meatballs today and savor the essence of Italy with every bite.
Value: 5.3
Unit: Ounce
",https://m.media-amazon.com/images/I/71LSp3gwi+L.jpg,8.99
149644,"Item Name: Organic Mixed Berries, 16 Pounds — Non-GMO Dried Blueberries, Cranberries, and Tart Cherries, Kosher, Lightly Sweetened, Unsulfured, Bulk
Bullet Point 1: DELICIOUS HEALTHY SNACK: Our Organic Mixed Berries are full of fiber and essential nutrients. Gently Infused with Organic Sugar. Lightly Coated with Organic Sunflower Oil.
Bullet Point 2: BONE STRENGTH SUPPORT: Dried blueberries contain bone-strengthening minerals – calcium and vitamin K. BRAIN POWER BOOST: Blueberries are one of the proven ‘brain foods’ that ‘feed’ your cognitive ability.
Bullet Point 3: COPPER AND MANGANESE: Enjoy dried cherries to get a boost of essential minerals, including copper and iron.
Bullet Point 4: VITAMIN C AND IRON BOOST: Food To Live Organic Dried Cranberries give you a boost of these essential elements.
Bullet Point 5: DELICIOUS TREAT: Organic Mixed Berries can be used to make many delicious dishes, especially baked goods.
Value: 256.0
Unit: Ounce
",https://m.media-amazon.com/images/I/81z1UbnoGHL.jpg,195.7
274412,"Item Name: Yogi Tea Lemon Ginger Tea Bags 16 ea
Bullet Point 1: Supports digestion, eases minor upset stomach and provides a refreshing herbal pick-me-up
Bullet Point 2: Organic ginger supports digestion and warms the metabolism
Bullet Point 3: Sour lemon provides the perfect counterpoint to the piquant-sweet taste of ginger
Value: 1.12
Unit: Ounce
",https://m.media-amazon.com/images/I/71z-Rqxj6vL.jpg,4.635
